pathway_namespace	pathway_identifier	pathway_name	snps
wikipathways	WP4400	FABP4 in ovarian cancer	
wikipathways	WP23	B Cell Receptor Signaling Pathway	rs11221332,rs13017599,rs6590330,rs2755237,rs9642880,rs872071,rs290986,rs1600249,rs7238078,rs3805236,rs2736340,rs1432295,rs2283792,rs1033180,rs7158173,rs1366594,rs12344583,rs8016947,rs4601609,rs12203592,rs3780792,rs13031237,rs7812879,rs7665090,rs702873
wikipathways	WP2333	Trans-sulfuration pathway	rs6586282
wikipathways	WP2509	Nanoparticle triggered autophagic cell death	rs2115386,rs7111341,rs891088,rs2241880,rs3792109
wikipathways	WP3891	Benzene metabolism	
wikipathways	WP2813	Mammary gland development pathway - Embryonic development (Stage 1 of 4)	rs12621278,rs1484170,rs2853676,rs2736100,rs9929218,rs9642880
wikipathways	WP1604	Codeine and Morphine Metabolism	rs887829,rs4148325,rs4149081,rs11892031,rs4363657,rs6742078
wikipathways	WP536	Calcium Regulation in the Cardiac Cell	rs2306677,rs291353,rs2877716,rs82625,rs4903031,rs10495928,rs10491334,rs2070615,rs2229116,rs2782980,rs1127065,rs11154022,rs11065611,rs10919071,rs2819742,rs2819770,rs2281845,rs3753242,rs216013,rs999943,rs263238,rs2816316,rs2681472,rs12883884,rs3889237,rs2601828,rs4074536,rs7554607,rs4075958,rs13224682,rs6807064,rs7798500,rs2681492,rs815815
wikipathways	WP3596	miR-517 relationship with ARCN1 and USP1	rs1321311
wikipathways	WP106	Alanine and aspartate metabolism	rs7122539
wikipathways	WP4399	MicroRNA network associated with chronic lymphocytic leukemia	
wikipathways	WP4149	White fat cell differentiation	rs11868035,rs501764,rs7120118,rs3743266,rs4857855,rs2755237,rs7111341,rs224278,rs872071,rs6774494,rs12203592,rs809736,rs11071559,rs340029,rs339969,rs3784609,rs1033180
wikipathways	WP437	EGF/EGFR Signaling Pathway	rs12593813,rs180515,rs17036350,rs11154022,rs2755237,rs6673480,rs3781264,rs534870,rs12540874,rs3805236,rs10810865,rs3753242,rs2283792,rs653178,rs1366594,rs1378942,rs9574565,rs3780792,rs2032794,rs2562784,rs3765524,rs17415853,rs4601609,rs10758669,rs744166,rs3807989,rs1755289,rs2274223,rs16886165,rs889312,rs12344583,rs17581368,rs7209435,rs3889237,rs2502731,rs17291650,rs2241423,rs11979158
wikipathways	WP466	DNA Replication	rs837763,rs690705,rs2069408,rs2277339
wikipathways	WP4022	Pyrimidine metabolism	rs11637235,rs8321,rs6761,rs4657482,rs7097,rs2562519,rs16861990,rs2277339,rs470119
wikipathways	WP1533	Vitamin B12 Metabolism	rs2115386,rs5498,rs3093030,rs11265260,rs2515629,rs11057830,rs891088,rs693,rs6754295,rs7111341,rs2575876,rs2808630,rs2544390,rs6602175,rs6511720,rs12686004,rs11668477,rs12093699,rs12282742,rs1801133,rs4765623,rs673548,rs7134594,rs4149268,rs541041,rs6586282,rs830998,rs1799969,rs3905000,rs1801239,rs11254363,rs783147,rs17367504,rs10508517,rs2794520,rs7665090,rs2228671
wikipathways	WP3915	Angiopoietin Like Protein 8 Regulatory Pathway	rs2115386,rs12593813,rs180515,rs12678919,rs17036350,rs9310736,rs891088,rs7111341,rs2755237,rs4299376,rs2153960,rs7795096,rs7805747,rs9480865,rs16886165,rs889312,rs2283792,rs10096633,rs6756629,rs6544713,rs11868035,rs10770705,rs7120118,rs7578326,rs2083637,rs7209435,rs2943641,rs2241423,rs538147
wikipathways	WP707	DNA Damage Response	rs11968166,rs1801516,rs2069408,rs730566,rs10876993,rs2282978,rs5742915,rs9642880,rs3218097,rs1321311,rs445,rs4238010,rs1547014,rs2244012,rs8102137,rs738722,rs2234978,rs11611647
wikipathways	WP3941	Oxidative Damage	rs210138,rs1321311,rs3761847,rs477895,rs16886165,rs7665090,rs210134,rs889312,rs10133111
wikipathways	WP2431	Spinal Cord Injury	rs5498,rs3093030,rs1379659,rs10876993,rs11154022,rs3803800,rs9642880,rs2659546,rs2153960,rs9480865,rs4282339,rs6001027,rs6136,rs2283792,rs7702057,rs1569476,rs2807278,rs1801274,rs1064395,rs1799969,rs2069408,rs2284063,rs738322,rs4795067,rs3758354,rs3889237,rs6265,rs3742207,rs11979158,rs310501,rs10932886
wikipathways	WP136	Phase I biotransformations, non P450	rs1412444,rs854555
wikipathways	WP1602	Nicotine Activity on Dopaminergic Neurons	rs12914385,rs8042374,rs11214606,rs1051730
wikipathways	WP696	Benzo(a)pyrene metabolism	rs2470893
wikipathways	WP4141	PI3K/AKT/mTOR - VitD3 Signalling	rs3135363,rs3129882,rs6903608,rs17036350,rs2896526,rs3135338,rs9642880,rs3024505,rs17810546,rs6441286,rs3129890,rs2248359,rs485499,rs9282641
wikipathways	WP195	IL-1 signaling pathway	rs13017599,rs968451,rs889312,rs7626795,rs8016947,rs1432295,rs7209435,rs4601609,rs13031237,rs16886165,rs2413583,rs398652,rs3753242,rs7665090,rs9290936,rs2283792,rs702873
wikipathways	WP2361	Gastric Cancer Network 1	rs7603514,rs438034,rs13208776
wikipathways	WP3585	Cytosine methylation	
wikipathways	WP3286	Copper homeostasis	rs242557,rs9480865,rs6107516,rs8070723,rs2755237,rs4601609,rs6052699,rs2153960
wikipathways	WP304	Kit receptor signaling pathway	rs242557,rs7647307,rs180515,rs744166,rs17083844,rs2153960,rs3889237,rs12540874,rs9480865,rs477895,rs12821256,rs8070723,rs2283792,rs995030,rs10758669,rs3782181
wikipathways	WP560	TGF-beta Receptor Signaling	rs956237,rs744166,rs17760296,rs4939827,rs12431733,rs7865146,rs10903122,rs4601609,rs744910,rs7789197,rs227731,rs7665090,rs4444235
wikipathways	WP3633	Caffeine and Theobromine metabolism	rs1495741,rs2472304
wikipathways	WP1531	Vitamin D Metabolism	rs2282679,rs2248359
wikipathways	WP1981	Thyroxine (Thyroid Hormone) Production	rs12101261,rs17111394,rs8017455
wikipathways	WP4397	Model for regulation of MSMP expression in cancer cells and its proangiogenic role in ovarian tumors	
wikipathways	WP4329	miRNAs involvement in the immune response in sepsis	rs13017599,rs5498,rs3093030,rs1799969,rs2070729,rs968451,rs8016947,rs3024505,rs13031237,rs4728142,rs2413583,rs8192917,rs1432295,rs7665090,rs702873,rs10133111
wikipathways	WP98	Prostaglandin Synthesis and Regulation	rs7647307,rs4650608,rs1926657,rs4613763,rs3758354,rs32579,rs6842241,rs4148441,rs4148546,rs1341239
wikipathways	WP3407	FTO Obesity Variant Mechanism	rs7089424,rs6499640,rs8050136,rs9941349,rs2651899
wikipathways	WP2447	Amyotrophic lateral sclerosis (ALS)	rs10875943,rs12658202,rs2075650,rs477895,rs1800693,rs157580,rs2659546
wikipathways	WP734	Serotonin Receptor 4/6/7 and NR3C Signaling	rs2283792,rs3995090,rs17291650
wikipathways	WP53	ID signaling pathway	rs11868035,rs8102137,rs2069408,rs16933812,rs4509693
wikipathways	WP1984	Integrated Breast Cancer Pathway	rs2899472,rs17036350,rs4939827,rs5031002,rs2755237,rs968451,rs9642880,rs17291650,rs3764640,rs704010,rs6625163,rs738722,rs210134,rs2283792,rs2504063,rs10931468,rs543650,rs7578326,rs2305707,rs3758354,rs2244012,rs477895,rs2413583,rs1250552,rs3768716,rs4601609,rs210138,rs5919432,rs1250550,rs7586970,rs10876993,rs6902771,rs1547014,rs9472138,rs1801516,rs1999805,rs7158173,rs2069408,rs6435862,rs5742915,rs9929218,rs3846662,rs2943641,rs7665090,rs11979158,rs11593576
wikipathways	WP2249	Metastatic brain tumor	rs2282978,rs9642880,rs445
wikipathways	WP619	Type II interferon signaling (IFNG)	rs5498,rs11642873,rs2523608,rs3093030,rs1799969,rs2066808,rs2070729,rs1033180,rs9468925,rs305061,rs4795067,rs872071,rs12203592,rs2247056,rs4781011,rs13437082,rs391525,rs10758669
wikipathways	WP3893	Development and heterogeneity of the ILC family	rs501764,rs1342326,rs7305618,rs2546890,rs17116334,rs809736,rs4143832,rs17810546,rs1295686,rs339969,rs7310409,rs485499,rs2650000,rs3743266,rs960089,rs735396,rs3806932,rs11129295,rs10045431,rs10137082,rs1837253,rs3213094,rs20541,rs11071559,rs340029,rs6441286,rs3784609
wikipathways	WP368	Mitochondrial LC-Fatty Acid Beta-Oxidation	rs2286963,rs7374394,rs7590720
wikipathways	WP2849	Hematopoietic Stem Cell Differentiation	rs185819,rs505922,rs3807375,rs10506328,rs9310736,rs484959,rs716595,rs657152,rs4728142,rs12821256,rs4781011,rs1150754,rs4143832,rs4857855,rs882300,rs4917014,rs956237,rs4725982,rs10276619,rs495828,rs4072037,rs4132601,rs8176746,rs995030,rs2269426,rs12198173,rs3782181
wikipathways	WP3580	Methionine De Novo and Salvage Pathway	rs4636294,rs10506525,rs11775334,rs7023329,rs7017212
wikipathways	WP1742	TP53 Network	rs10937405,rs1801516,rs12479254,rs710521,rs9642880,rs1321311,rs7610017
wikipathways	WP4159	GABA receptor Signaling	rs9990174,rs8043440,rs29232
wikipathways	WP3859	TGF-B Signaling in Thyroid Cells for Epithelial-Mesenchymal Transition	rs2298574,rs9929218,rs2283792,rs9292394,rs744910
wikipathways	WP3871	Valproic acid pathway	rs4086116,rs10518693,rs2185570,rs7374394,rs1057910,rs433598,rs10509680
wikipathways	WP2276	Glial Cell Differentiation	
wikipathways	WP706	Sudden Infant Death Syndrome (SIDS) Susceptibility Pathways	rs501764,rs3807375,rs5031002,rs6670655,rs11154022,rs6625163,rs2819742,rs2819770,rs4657178,rs339969,rs2237886,rs1713985,rs3811647,rs4725982,rs2880058,rs3743266,rs3027409,rs1366594,rs4607517,rs730497,rs4537545,rs10903122,rs1512268,rs32579,rs3024505,rs2839619,rs1415259,rs7554607,rs12029454,rs11071559,rs6265,rs950776,rs2839627,rs3784609,rs12143842,rs4601609,rs5919432,rs9310736,rs1799852,rs867559,rs11898505,rs2237892,rs3130501,rs3922844,rs809736,rs179429,rs12576239,rs1295686,rs1049296,rs9472138,rs1175000,rs4857855,rs1867504,rs11984041,rs6442925,rs12053903,rs4129267,rs3757840,rs20541,rs9491640,rs234720,rs13224682,rs340029,rs7665090,rs7798500,rs163182,rs2237878
wikipathways	WP2369	Histone Modifications	rs17050782,rs10484434
wikipathways	WP4018	Pathways in clear cell renal cell carcinoma	rs744166,rs17036350,rs8079702,rs477992,rs8055236,rs2114039,rs2896526,rs17086609,rs7677751,rs12540874,rs10499559,rs4783244,rs2251219,rs7072268,rs9472138,rs11979158,rs3784962,rs6563943
wikipathways	WP1545	miRNAs involved in DNA damage response	rs11968166,rs1801516,rs8102137,rs2282978,rs445,rs9642880,rs3218097,rs1321311
wikipathways	WP3529	Zinc homeostasis	rs13107325,rs13266634,rs8066857,rs11581062
wikipathways	WP3876	BMP2-WNT4-FOXO1 Pathway in Human Primary Endometrial Stromal Cell Differentiation	rs2755237,rs1733724,rs967417,rs16826658
wikipathways	WP2059	Alzheimers Disease	rs242557,rs6056209,rs2306677,rs12678919,rs2229116,rs2736990,rs2659546,rs356220,rs11065611,rs4764043,rs8070723,rs2281845,rs216013,rs2234978,rs2283792,rs6118083,rs10096633,rs2160519,rs11172113,rs999943,rs2070600,rs4764039,rs1800693,rs2083637,rs477895,rs11931074,rs1466535,rs1869901,rs815815
wikipathways	WP2203	Thymic Stromal LymphoPoietin (TSLP) Signaling Pathway	rs744166,rs17036350,rs3194051,rs9642880,rs3118470,rs12251307,rs860413,rs1059513,rs2205960,rs2283792,rs2104286,rs6897932,rs7574865,rs7090512,rs706779,rs167769,rs3806932,rs8016947,rs1837253,rs7911500,rs7665090,rs3821236,rs10758669
wikipathways	WP3640	Imatinib and Chronic Myeloid Leukemia	rs2114039,rs17086609,rs9642880,rs1876518,rs2153960,rs7677751,rs9480865,rs2231142,rs1481012,rs5751614
wikipathways	WP167	Eicosanoid Synthesis	rs2284063,rs738322,rs5751901,rs6001027
wikipathways	WP313	Signaling of Hepatocyte Growth Factor Receptor	rs2032794,rs1551943,rs744166,rs3805236,rs2283792,rs10243024,rs4601609
wikipathways	WP26	Signal Transduction of S1P Receptor	rs4132509,rs6056209,rs6118083,rs2283792,rs17126232,rs1869901
wikipathways	WP15	Selenium Micronutrient Network	rs2115386,rs5498,rs3093030,rs11265260,rs2515629,rs891088,rs7111341,rs693,rs6754295,rs2575876,rs2808630,rs6511720,rs12686004,rs11668477,rs12093699,rs12282742,rs1801133,rs4765623,rs673548,rs5751901,rs4149268,rs541041,rs7665090,rs6586282,rs1799969,rs694739,rs3905000,rs17367504,rs783147,rs2794520,rs11057830,rs2228671
wikipathways	WP405	Eukaryotic Transcription Initiation	rs6761,rs7097,rs2978263
wikipathways	WP399	Wnt Signaling Pathway and Pluripotency	rs2074404,rs16826658,rs7903146,rs10495928,rs3736228,rs9642880,rs3130501,rs6511720,rs11668477,rs4944092,rs7901695,rs3753242,rs11968166,rs956237,rs4962416,rs1864982,rs3218097,rs4238010,rs3889237,rs11158493,rs415430,rs7349332,rs2228671,rs4601609,rs11611647
wikipathways	WP100	Glutathione metabolism	rs5751901
wikipathways	WP3413	NOTCH1 regulation of human endothelial cell calcification	rs1551943,rs9472138,rs2273061
wikipathways	WP3971	Role of Osx and miRNAs in tooth development	rs3131296,rs735396,rs7305618,rs443198,rs2016266,rs1733724,rs404860,rs1513670,rs10876432,rs2650000,rs7310409,rs9296015
wikipathways	WP2291	Deregulation of Rab and Rab Effector Genes in Bladder Cancer	rs2292884,rs9985399
wikipathways	WP127	IL-5 Signaling Pathway	rs242557,rs744166,rs180515,rs2075726,rs9642880,rs2153960,rs4601609,rs290986,rs9480865,rs8070723,rs2283792,rs10758669
wikipathways	WP1991	SRF and miRs in Smooth Muscle Differentiation and Proliferation	rs11611647,rs1366594,rs4238010
wikipathways	WP2456	HIF1A and PPARG regulation of glycolysis	rs2896526
wikipathways	WP1982	Sterol Regulatory Element-Binding Proteins (SREBP) signalling	rs11868035,rs12678919,rs17036350,rs7111341,rs3846662,rs2083637,rs32579,rs2645424,rs7795096,rs7805747,rs6511720,rs11668477,rs11057830,rs2228671,rs4765623,rs10096633
wikipathways	WP1589	Folate-Alcohol and Cancer Pathway Hypotheses	rs6586282,rs17367504,rs1801133
wikipathways	WP455	GPCRs, Class A Rhodopsin-like	rs12970134,rs1403543,rs11214606,rs1010254,rs2166706,rs1447352,rs82625,rs10871777,rs3995090,rs13314993,rs2782980,rs6842241,rs1387153,rs3093024,rs571312,rs7591064,rs869244,rs2268363,rs882300,rs4676406,rs4650608,rs572169,rs4613763,rs154659,rs3093023,rs4785763,rs13405728,rs10861905,rs6421571,rs2119704,rs1878022,rs630923
wikipathways	WP2328	Allograft Rejection	rs3129055,rs4143832,rs10484561,rs7044529,rs17810546,rs2860580,rs7590720,rs3129890,rs3753242,rs2234978,rs987870,rs13437082,rs485499,rs9282641,rs3135363,rs2647044,rs9275698,rs4713693,rs2596542,rs660895,rs231735,rs3135338,rs2647012,rs10045431,rs6074022,rs3024505,rs9275572,rs3213094,rs951005,rs9264942,rs706779,rs1746048,rs630923,rs2523608,rs3129882,rs9468925,rs2114039,rs9277535,rs2856718,rs3118470,rs10484554,rs12251307,rs7775228,rs2546890,rs9357152,rs1295686,rs9472138,rs2104286,rs3077,rs13192471,rs7090512,rs6903608,rs7765379,rs1024161,rs9271366,rs7677751,rs7774434,rs20541,rs7911500,rs2858331,rs8192917,rs6441286,rs6421571,rs9500927,rs10999409,rs2247056,rs2523809,rs6457617
wikipathways	WP2865	IL1 and megakaryocytes in obesity	rs5498,rs7665090,rs3093030,rs1799969,rs2251746,rs1539019,rs4789939
wikipathways	WP3929	Chemokine signaling pathway	rs744166,rs6056209,rs291353,rs2877716,rs13314993,rs741301,rs2153960,rs1869901,rs7905537,rs9480865,rs3093024,rs13230047,rs3753242,rs6118083,rs2283792,rs882300,rs263238,rs2066808,rs12344583,rs3093023,rs8016947,rs10488031,rs169082,rs2601828,rs3780792,rs1378942,rs10758669,rs4132509,rs6063312,rs6421571,rs630923,rs11984075,rs7665090,rs951005,rs8023445,rs1746048
wikipathways	WP3584	MECP2 and Associated Rett Syndrome	rs1713985,rs12658202,rs1458038,rs17036350,rs1366594,rs8028182,rs1004446,rs10483776,rs7159888,rs6500818,rs8007846,rs9491640,rs6265,rs17369571
wikipathways	WP306	Focal Adhesion	rs2158836,rs7077361,rs17086609,rs7319311,rs197770,rs1150754,rs1054627,rs2283792,rs4925386,rs11968166,rs4298437,rs3743200,rs3780792,rs477895,rs7341475,rs4132509,rs17157903,rs2084385,rs8023445,rs11611647,rs4601609,rs185819,rs3807989,rs2114039,rs441051,rs10243024,rs2275215,rs1600249,rs2268983,rs2736340,rs9472138,rs525410,rs1551943,rs10895547,rs12344583,rs3218097,rs4238010,rs7677751,rs3889237,rs12621278,rs3914132,rs7812879,rs2269426,rs3742207,rs5742692,rs11979158,rs12198173
wikipathways	WP2012	miRs in Muscle Cell Differentiation	rs3889237,rs1366594,rs7798500,rs3753242,rs13224682,rs10495928
wikipathways	WP2572	Primary Focal Segmental Glomerulosclerosis FSGS	rs3781264,rs3736228,rs4509693,rs867559,rs1939992,rs3818361,rs1127065,rs735854,rs1557488,rs2274223,rs4925386,rs4935969,rs6701713,rs2298574,rs4821469,rs12034383,rs1733724,rs1321311,rs10863790,rs2502731,rs3765524,rs2273061
wikipathways	WP698	Glucuronidation	rs887829,rs4148325,rs7072268,rs11892031,rs6742078
wikipathways	WP1992	Genes targeted by miRNAs in adipocytes	rs8079702,rs11154022,rs727957,rs2237892,rs179429,rs7544736,rs5742692,rs12576239,rs2237886,rs163182,rs2237878
wikipathways	WP411	mRNA Processing	rs11205277,rs3867498,rs910316,rs7544736,rs6761,rs673604
wikipathways	WP3658	Wnt/beta-catenin Signaling Pathway in Leukemia	rs956237,rs3736228,rs1733724,rs5742915,rs6068020,rs9642880,rs17116334
wikipathways	WP2290	RalA downstream regulated genes	rs6918152,rs12210050
wikipathways	WP3656	Interleukin-1 Induced Activation of NF-kappa-B	rs3753242,rs7665090
wikipathways	WP262	EBV LMP1 signaling	rs7209435,rs7665090,rs2283792,rs8016947,rs3761847
wikipathways	WP2879	Farnesoid X Receptor  Pathway	rs552976,rs16856332
wikipathways	WP1603	Nicotine Activity on Chromaffin Cells	rs950776,rs216013,rs12914385,rs8042374,rs1051730
wikipathways	WP3595	mir-124 predicted interactions with cell cycle and differentiation	rs3764640
wikipathways	WP3646	Hepatitis C and Hepatocellular Carcinoma	rs956237,rs744166,rs12344583,rs735396,rs7305618,rs9642880,rs7319311,rs4795067,rs4537545,rs4129267,rs3780792,rs1321311,rs4601609,rs744910,rs7665090,rs9472138,rs7310409,rs2650000
wikipathways	WP3599	Transcription factor regulation in adipogenesis	rs2115386,rs2755237,rs2229741,rs266717,rs2943641,rs891088,rs1648707,rs7578326
wikipathways	WP134	Pentose Phosphate Metabolism	
wikipathways	WP2338	miRNA Biogenesis	
wikipathways	WP111	Electron Transport Chain (OXPHOS system in mitochondria)	
wikipathways	WP3298	Melatonin metabolism and effects	rs2470893,rs2166706,rs3027409,rs1447352,rs82625,rs2755237,rs2782980,rs3889237,rs1387153,rs12767583,rs7665090,rs2472304,rs815815
wikipathways	WP3300	Dual hijack model of Vif in HIV infection	
wikipathways	WP2324	AGE/RAGE pathway	rs2115386,rs7665090,rs2070600,rs744166,rs11979158,rs891088,rs2755237,rs7111341,rs7578326,rs4795067,rs8016947,rs4601609,rs3889237,rs744910,rs2943641,rs3753242,rs2283792,rs10758669
wikipathways	WP3967	miR-509-3p alteration of YAP1/ECM axis	rs6842241,rs7044529
wikipathways	WP80	Nucleotide GPCRs	
wikipathways	WP107	Translation Factors	rs12420464,rs16892766,rs619865
wikipathways	WP697	Estrogen metabolism	rs887829,rs6742078,rs2470893,rs2472304
wikipathways	WP3982	miRNA regulation of p53 pathway in prostate cancer	rs1801516,rs738722,rs1547014
wikipathways	WP35	G Protein Signaling Pathways	rs291353,rs2877716,rs11880198,rs2383378,rs10495928,rs947583,rs2659546,rs798544,rs3753242,rs10052657,rs702543,rs1182188,rs263238,rs798497,rs1823068,rs3889237,rs2601828,rs1588265,rs13224682,rs10493389,rs7798500,rs815815
wikipathways	WP2848	Differentiation Pathway	rs1126757,rs12431733,rs1799852,rs7111341,rs484959,rs12821256,rs227731,rs1049296,rs9472138,rs2121875,rs4444235,rs1867504,rs3811647,rs9594738,rs9594759,rs17760296,rs1733724,rs4537545,rs152528,rs4129267,rs7789197,rs5742692,rs995030,rs3782181
wikipathways	WP2882	Nuclear Receptors Meta-Pathway	rs1126757,rs1324015,rs991316,rs454305,rs16890979,rs7374394,rs2755237,rs1926657,rs6834555,rs9642880,rs4299376,rs2327832,rs6686643,rs13107325,rs1994090,rs17810546,rs8066857,rs4148441,rs13129697,rs16856332,rs6544713,rs2504063,rs485499,rs6756629,rs2070600,rs7120118,rs10045431,rs3775948,rs543650,rs6742078,rs11666579,rs9036,rs3213094,rs12767583,rs10509680,rs733175,rs4601609,rs2472304,rs2439312,rs4086116,rs744166,rs10876993,rs10829156,rs12272004,rs6902771,rs737267,rs3130501,rs610604,rs2546890,rs2185570,rs359457,rs6065904,rs10774021,rs552976,rs12188164,rs11979158,rs5751901,rs2711721,rs11868035,rs1999805,rs4149081,rs6442925,rs300489,rs1057910,rs887829,rs17763373,rs9990174,rs2470893,rs4363657,rs4670766,rs3744064,rs2230926,rs2229741,rs6441286,rs10493389,rs4148546
wikipathways	WP3863	T-Cell antigen Receptor (TCR) pathway during Staphylococcus aureus infection	rs10876993,rs4675374,rs231735,rs1024161,rs8016947,rs3024505,rs4143832,rs7238078,rs7665090,rs4601609,rs815815
wikipathways	WP1559	TFs Regulate miRNAs related to cardiac hypertrophy	rs3743200,rs7665090,rs744166
wikipathways	WP366	TGF-beta Signaling Pathway	rs11221332,rs3807989,rs4939827,rs6590330,rs968451,rs441051,rs2736100,rs9642880,rs11898505,rs10243024,rs744910,rs2283792,rs1063192,rs1366594,rs8028182,rs5742915,rs1321311,rs12199222,rs2413583,rs2853676,rs2084385,rs4601609
wikipathways	WP2516	ATM Signaling Pathway	rs1801516,rs2069408,rs12143943,rs8016947,rs1321311,rs1547014,rs2244012,rs8102137,rs738722,rs4601609
wikipathways	WP75	Toll-like Receptor Signaling Pathway	rs968451,rs10045431,rs10133111,rs8016947,rs6074022,rs2546890,rs3213094,rs4728142,rs4132509,rs17810546,rs2413583,rs6441286,rs7665090,rs2283792,rs4601609,rs485499,rs9282641
wikipathways	WP585	Interferon type I signaling pathways	rs13017599,rs744166,rs180515,rs17036350,rs2066808,rs280519,rs7578326,rs12720356,rs1432295,rs7574865,rs13031237,rs2943641,rs16886165,rs889312,rs3821236,rs702873,rs538147
wikipathways	WP623	Oxidative phosphorylation	rs8192917
wikipathways	WP694	Arylamine metabolism	rs1495741,rs2472304
wikipathways	WP3611	Photodynamic therapy-induced AP-1 survival signaling.	rs210138,rs1800693,rs2114039,rs1321311,rs2234978,rs7677751,rs4338740,rs8102137,rs210134,rs11979158,rs4601609
wikipathways	WP3630	NAD metabolism, sirtuins and aging	rs9480865,rs2755237,rs7665090,rs3219090,rs2153960
wikipathways	WP357	Fatty Acid Biosynthesis	rs7122539,rs7590720
wikipathways	WP2355	Corticotropin-releasing hormone signaling pathway	rs2283792,rs11154022,rs3219090,rs8016947,rs9303521,rs3889237,rs9960767,rs7665090,rs393152,rs613872
wikipathways	WP501	GPCRs, Class C Metabotropic glutamate, pheromone	rs1801725,rs11971186,rs29232,rs17864092,rs9870680,rs10831496,rs17691394
wikipathways	WP3678	Amplification and Expansion of Oncogenic Pathways as Metastatic Traits	rs956237,rs7903146,rs7901695,rs9472138,rs7579899,rs882300,rs2273061
wikipathways	WP410	Exercise-induced Circadian Regulation	rs1795648,rs2979481,rs10945919,rs2187642,rs2217332
wikipathways	WP3844	PI3K-AKT-mTOR signaling pathway and therapeutic opportunities	rs12540874,rs9480865,rs477895,rs17036350,rs2842643,rs2755237,rs2153960
wikipathways	WP3672	LncRNA-mediated mechanisms of therapeutic resistance	rs1884537,rs1321311
wikipathways	WP3634	Insulin signalling in human adipocytes (normal condition)	rs2115386,rs548097,rs180515,rs17036350,rs2943641,rs891088,rs7578326
wikipathways	WP2064	Neural Crest Differentiation	rs11221332,rs7647307,rs12431733,rs6590330,rs1522232,rs9642880,rs404860,rs2597513,rs613872,rs4444235,rs9296015,rs11984041,rs4962416,rs2298574,rs3131296,rs1841770,rs1464500,rs1219648,rs443198,rs9929218,rs2981579,rs9960767,rs7665090,rs9292394,rs987237
wikipathways	WP688	Catalytic cycle of mammalian Flavin-containing MonoOxygenases (FMOs)	
wikipathways	WP384	Apoptosis Modulation by HSP70	rs16886165,rs1800693,rs7665090,rs2234978,rs889312
wikipathways	WP1455	Serotonin Transporter Activity	rs3027409
wikipathways	WP2036	TNF related weak inducer of apoptosis (TWEAK) Signaling Pathway	rs4601609,rs7665090,rs2283792,rs10133111,rs8016947,rs3761847
wikipathways	WP4030	SCFA and skeletal muscle substrate metabolism	
wikipathways	WP2884	NRF2 pathway	rs991316,rs1926657,rs16890979,rs454305,rs6834555,rs737267,rs2439312,rs13107325,rs6686643,rs1994090,rs4148441,rs8066857,rs10774021,rs13129697,rs5751901,rs887829,rs2070600,rs9990174,rs3775948,rs6742078,rs9036,rs4148546,rs733175
wikipathways	WP2817	Mammary gland development pathway - Pregnancy and lactation (Stage 3 of 4)	rs9594738,rs1999805,rs9594759,rs3807989,rs3018362,rs6902771,rs543650,rs9642880,rs2504063,rs2957128,rs11979158,rs1341239,rs10758669
wikipathways	WP3303	RAC1/PAK1/p38/MMP2 Pathway	rs2233287,rs7665090,rs744166,rs11979158,rs2755237,rs17581368,rs4795067,rs9642880,rs8016947,rs2032794,rs3923113,rs477895,rs10036748,rs10195252,rs2283792
wikipathways	WP2267	Synaptic Vesicle Pathway	rs10518765,rs678962,rs9364554,rs12608932,rs1897031,rs183211,rs10121009,rs2502731,rs1011731,rs10455248,rs199533,rs7758229
wikipathways	WP34	Ovarian Infertility Genes	rs1859156,rs1801516,rs2899472,rs10876993,rs3131379,rs2305707,rs4238010,rs13405728,rs744910,rs10021303,rs2229741,rs7591064,rs2268363,rs11611647
wikipathways	WP4142	Metabolism of Spingolipids in ER and Golgi apparatus	rs10873876
wikipathways	WP78	TCA Cycle (aka Krebs or citric acid cycle)	rs6792584
wikipathways	WP2371	Parkinsons Disease Pathway	rs8102137,rs11931074,rs653178,rs5754217,rs2736990,rs4821112,rs356220
wikipathways	WP2118	Arrhythmogenic Right Ventricular Cardiomyopathy	rs7903146,rs7077361,rs11154022,rs4704970,rs2070615,rs197770,rs2275215,rs2268983,rs11065611,rs2819742,rs2819770,rs216013,rs7901695,rs2281845,rs956237,rs1551943,rs2298574,rs11695685,rs157350,rs4770403,rs12621278,rs7554607,rs7076247,rs7069923
wikipathways	WP3301	MFAP5-mediated ovarian cancer cell motility and invasiveness	rs2229116,rs999943,rs2283792,rs4601609
wikipathways	WP2113	Type III interferon signaling	rs280519,rs2066808,rs12720356
wikipathways	WP1941	Peroxisomal beta-oxidation of tetracosanoyl-CoA	
wikipathways	WP2840	Hair Follicle Development: Cytodifferentiation (Part 3 of 3)	rs501764,rs275380,rs7850258,rs12431733,rs710521,rs3859192,rs7610017,rs10937405,rs3894194,rs12821256,rs2242285,rs613872,rs9502893,rs9960767,rs4444235,rs956237,rs224278,rs1733724,rs10903122,rs12198986,rs965513,rs5742692,rs7665090,rs7236477,rs11979158,rs995030,rs4601609,rs3782181
wikipathways	WP3299	let-7 inhibition of ES cell reprogramming	rs9642880,rs3130501
wikipathways	WP2491	Diclofenac Metabolic Pathway	rs12772169,rs12767583
wikipathways	WP1424	Globo Sphingolipid Metabolism	rs495828,rs505922,rs10873876,rs16861329,rs10937275,rs8176746,rs657152,rs602662,rs2216228,rs504963
wikipathways	WP497	Urea cycle and metabolism of amino groups	rs2807278
wikipathways	WP438	Non-homologous end joining	rs16859517,rs2244012
wikipathways	WP561	Heme Biosynthesis	
wikipathways	WP241	One Carbon Metabolism	rs11754661,rs10498514,rs2295639,rs1801133,rs17367504
wikipathways	WP3969	H19 action Rb-E2F1 signaling and CDK-Beta-catenin activity	rs477687,rs10876993,rs9466056,rs9929218,rs2273061
wikipathways	WP3287	Overview of nanoparticle effects	rs11968166,rs12093699,rs2794520,rs11265260,rs4132509,rs3742207,rs3218097,rs2808630
wikipathways	WP534	Glycolysis and Gluconeogenesis	rs7122539,rs3757840,rs4607517,rs7072268,rs2896526,rs730497
wikipathways	WP289	Myometrial Relaxation and Contraction Pathways	rs2306677,rs291353,rs2877716,rs11154022,rs4903031,rs10495928,rs2070615,rs2229116,rs9303521,rs17291650,rs1127065,rs11065611,rs1926203,rs2819742,rs2819770,rs3753242,rs10052657,rs393152,rs702543,rs999943,rs263238,rs2816316,rs1823068,rs3889237,rs2601828,rs1588265,rs7554607,rs4075958,rs13224682,rs10493389,rs7665090,rs7798500,rs4601609,rs815815
wikipathways	WP2875	Constitutive Androstane Receptor Pathway	rs4086116,rs887829,rs7374394,rs1057910,rs2755237,rs6742078,rs2185570,rs12767583,rs10509680
wikipathways	WP3624	Lung fibrosis	rs454305,rs4939827,rs4809324,rs10045431,rs2736100,rs2546890,rs7671167,rs152528,rs3213094,rs4338740,rs20541,rs2869967,rs2853676,rs5742692,rs6010620,rs1295686,rs4143832
wikipathways	WP3877	Simplified Depiction of MYD88 Distinct Input-Output Pathway	rs7665090,rs4601609
wikipathways	WP2507	Nanomaterial induced apoptosis	rs210138,rs2234978,rs210134,rs10999409
wikipathways	WP272	Blood Clotting Cascade	rs2731672,rs6056,rs783147
wikipathways	WP733	Serotonin Receptor 2 and STAT3 Signaling	rs744166,rs10758669
wikipathways	WP4269	Ethanol metabolism resulting in production of ROS by CYP2E1	
wikipathways	WP481	Insulin Signaling	rs2115386,rs12593813,rs180515,rs17036350,rs891088,rs10871454,rs2755237,rs2153960,rs2241423,rs12540874,rs9480865,rs3923113,rs3805236,rs3753242,rs16886165,rs889312,rs2283792,rs548097,rs7578326,rs7209435,rs3889237,rs6051520,rs2943641,rs10195252,rs4601609,rs538147
wikipathways	WP692	Sulfation Biotransformation Reaction	
wikipathways	WP2916	Interactome of polycomb repressive complex 2 (PRC2)	rs6941421
wikipathways	WP732	Serotonin Receptor 2 and ELK-SRF/GATA4 signaling	rs3743200,rs8035957,rs2283792
wikipathways	WP3943	Robo4 and VEGF Signaling Pathways Crosstalk	rs9472138,rs1379659
wikipathways	WP2513	Nanoparticle triggered regulated necrosis	rs1800693,rs3219090
wikipathways	WP299	Nuclear Receptors in Lipid Metabolism and Toxicity	rs4086116,rs2068888,rs2515629,rs1529672,rs425215,rs2575876,rs2185570,rs12686004,rs552976,rs16856332,rs1435703,rs6756629,rs4149268,rs7120118,rs1057910,rs3905000,rs10509680,rs2248359,rs2472304
wikipathways	WP2453	TCA Cycle and Deficiency of Pyruvate Dehydrogenase complex (PDHc)	rs6792584,rs7122539
wikipathways	WP3666	Metabolism of Dichloroethylene by CYP450	
wikipathways	WP4016	DNA IR-damage and cellular response via ATR	rs11661542,rs1547014,rs17077154,rs420259,rs738722,rs1667394,rs3768716,rs1801516,rs2069408,rs730566,rs2916733,rs6435862,rs5742915,rs3219090,rs365132,rs2244012,rs1923775,rs2718812,rs12913832,rs16966142
wikipathways	WP2034	Leptin signaling pathway	rs13017599,rs744166,rs180515,rs17036350,rs2755237,rs6902771,rs1892534,rs11107116,rs1432295,rs2283792,rs2504063,rs12753193,rs1999805,rs7578326,rs543650,rs13031237,rs10758669,rs477895,rs2943641,rs7665090,rs702873
wikipathways	WP710	DNA Damage Response (only ATM dependent)	rs2115386,rs210138,rs2074404,rs16826658,rs7903146,rs891088,rs9642880,rs2153960,rs744910,rs6511720,rs11668477,rs9480865,rs4944092,rs7901695,rs16886165,rs210134,rs889312,rs742134,rs2283792,rs11968166,rs956237,rs1801516,rs11618202,rs7578326,rs3218097,rs1321311,rs4238010,rs11158493,rs415430,rs7349332,rs477895,rs4132509,rs2943641,rs7665090,rs2228671,rs4601609,rs11611647
wikipathways	WP704	Methylation Pathways	rs2847476
wikipathways	WP288	NLR Proteins	rs6074022
wikipathways	WP477	Cytoplasmic Ribosomal Proteins	rs10507380,rs12580100,rs180515,rs2280401,rs6604026
wikipathways	WP2881	Estrogen Receptor Pathway	rs2470893,rs1999805,rs744166,rs6902771,rs543650,rs4601609,rs2504063,rs2472304
wikipathways	WP2363	Gastric Cancer Network 2	rs690705,rs10481151,rs10088262,rs11979158,rs9642880
wikipathways	WP3	Phytochemical activity on NRF2 transcriptional activation	rs3889237,rs1424233,rs7498403
wikipathways	WP205	IL-7 Signaling Pathway	rs2283792,rs7090512,rs744166,rs3194051,rs9642880,rs3118470,rs7911500,rs477895,rs860413,rs12251307,rs2104286,rs6897932,rs706779
wikipathways	WP465	Tryptophan metabolism	rs12772169,rs2470893,rs2899472,rs2305707,rs2472304
wikipathways	WP2846	Proprotein convertase subtilisin/kexin type 9 (PCSK9) mediated LDL receptor degradation	rs6511720,rs2228671,rs11668477,rs11206510
wikipathways	WP3627	Gut-Liver Indole Metabolism	
wikipathways	WP1422	Sphingolipid pathway	rs680379,rs17126232,rs10438933
wikipathways	WP545	Complement Activation	
wikipathways	WP244	Alpha 6 Beta 4 signaling pathway	rs2158836,rs17036350,rs7578326,rs4925386,rs3889237,rs12621278,rs2275215,rs3805236,rs2943641,rs2283792,rs525410
wikipathways	WP2536	Colchicine Metabolic Pathway	
wikipathways	WP3591	Sleep regulation	rs13074924,rs2166706,rs1387153,rs11214606,rs1447352,rs9357271,rs3923809,rs9296249
wikipathways	WP236	Adipogenesis	rs501764,rs2068888,rs12678919,rs12431733,rs2755237,rs7305618,rs744910,rs339969,rs1059513,rs2234978,rs7579899,rs4444235,rs2650000,rs7120118,rs3743266,rs1366594,rs10460009,rs2066808,rs7578326,rs11071559,rs12423712,rs285480,rs3784609,rs744166,rs7111341,rs1648707,rs7742369,rs266717,rs809736,rs11712066,rs10800098,rs4857855,rs10096633,rs7310409,rs967417,rs11868035,rs735396,rs167769,rs224278,rs1321311,rs2083637,rs6051520,rs340029,rs1776897,rs2943641,rs2229741,rs5742692
wikipathways	WP4331	Neovascularisation processes	rs744910,rs2283792,rs882300,rs2273061
wikipathways	WP3875	ATR Signaling	rs2718812,rs730566
wikipathways	WP3945	TYROBP Causal Network	rs11574637,rs2816316,rs1926657,rs7498403,rs766903,rs3184504,rs17035378,rs11150610,rs7595037,rs10903122,rs1424233,rs3760318,rs786870,rs4148441,rs9888739,rs4148546,rs2270676
wikipathways	WP4479	Supression of HMGB1 mediated inflammation by THBD	rs7665090,rs2070600,rs11618202,rs8016947
wikipathways	WP237	Glucocorticoid and Mineralcorticoid Metabolism	rs17115100
wikipathways	WP3947	Serotonin and anxiety	rs17035378,rs7595037,rs2659546,rs1127065
wikipathways	WP4337	ncRNAs involved in STAT3 signaling in hepatocellular carcinoma	rs4129267,rs1126757,rs744166,rs9466056,rs7665090,rs10758669,rs4537545
wikipathways	WP690	Polyol Pathway	
wikipathways	WP3297	EV release from cardiac cells and their functional effects	rs1341239,rs1746048
wikipathways	WP430	Statin Pathway	rs1532085,rs1864163,rs12678919,rs2515629,rs693,rs6754295,rs3825776,rs2575876,rs4299376,rs12272004,rs2645424,rs10468017,rs12686004,rs6511720,rs11668477,rs6065904,rs6544713,rs673548,rs10096633,rs4765623,rs4149268,rs11172113,rs541041,rs1800775,rs6756629,rs3905000,rs3846662,rs2083637,rs7499892,rs1532624,rs1466535,rs9989419,rs3764261,rs11057830,rs2228671,rs12708980,rs4775031
wikipathways	WP678	Arachidonate Epoxygenase / Epoxide Hydrolase	rs4086116,rs2185570,rs10509680,rs1057910
wikipathways	WP2870	Extracellular vesicle-mediated signaling in recipient cells	rs454305,rs17036350,rs11979158,rs10243024,rs744910
wikipathways	WP3935	Leptin Insulin Overlap	rs2115386,rs744166,rs7111341,rs891088,rs7578326,rs1892534,rs10758669,rs11107116,rs2943641,rs12753193
wikipathways	WP3878	ATM Signaling Network in Development and Disease	rs1801516,rs17036350,rs11661542,rs3764640,rs1547014,rs3743200,rs2244012,rs738722,rs7665090
wikipathways	WP1425	Bone Morphogenic Protein (BMP) Signalling and Regulation	rs1859156,rs10021303,rs17760296,rs227731,rs967417
wikipathways	WP2645	Heroin metabolism	
wikipathways	WP51	Regulation of Actin Cytoskeleton	rs2306374,rs2114039,rs3110496,rs975121,rs4338740,rs798544,rs2268983,rs2283792,rs2121875,rs11979158,rs1458038,rs1551943,rs1182188,rs1219648,rs798497,rs7677751,rs152528,rs1378942,rs2981579,rs17369571,rs2084385
wikipathways	WP3414	Initiation of transcription and translation elongation at the HIV-1 LTR	rs11984041,rs1950500,rs7665090,rs8016947,rs2659546
wikipathways	WP4204	Tumor suppressor activity of SMARCB1	rs2282978,rs10876993,rs445,rs4724100
wikipathways	WP2828	Bladder Cancer	rs2283792,rs10876993,rs9929218,rs9642880,rs1321311,rs470119,rs11141915,rs11979158,rs9472138
wikipathways	WP1530	miRNA Regulation of DNA Damage Response	rs11968166,rs1801516,rs2069408,rs2282978,rs730566,rs10876993,rs5742915,rs9642880,rs445,rs1321311,rs1547014,rs4238010,rs3218097,rs2244012,rs8102137,rs738722,rs2234978,rs11611647
wikipathways	WP3664	Regulation of Wnt/B-catenin Signaling by Small Molecule Compounds	rs956237,rs1466535,rs1202199,rs9960767,rs613872,rs11172113
wikipathways	WP3958	GPR40 Pathway	rs999943,rs7595412,rs6056209,rs3781264,rs2274223,rs13398206,rs6118083,rs3765524,rs1869901
wikipathways	WP3892	Development of pulmonary dendritic cells and macrophage subsets	rs4917014,rs11642873,rs744166,rs1033180,rs10276619,rs4132601,rs484959,rs872071,rs305061,rs12203592,rs9960767,rs391525,rs613872
wikipathways	WP2029	Cell Differentiation - Index	rs744166,rs1366594
wikipathways	WP3617	Photodynamic therapy-induced NF-kB survival signaling	rs13017599,rs5498,rs495366,rs3093030,rs1799969,rs1800693,rs13031237,rs1432295,rs7665090,rs9472138,rs702873
wikipathways	WP3931	ESC Pluripotency Pathways	rs12593813,rs744166,rs2074404,rs17036350,rs4939827,rs16826658,rs12431733,rs2114039,rs7305618,rs3736228,rs975121,rs4338740,rs3805236,rs227731,rs4944092,rs2283792,rs2121875,rs7310409,rs4444235,rs2650000,rs1859156,rs1458038,rs17760296,rs735396,rs1219648,rs7677751,rs152528,rs415430,rs10021303,rs2981579,rs4132509,rs7349332,rs2241423,rs11979158,rs17369571,rs4601609
wikipathways	WP4008	NO/cGMP/PKG mediated Neuroprotection	rs3796804,rs710841,rs4764039,rs1348582,rs10841496,rs4795067,rs8016947,rs12418204,rs11611208,rs1127065,rs477895,rs4764043,rs7665090,rs2160519,rs815815
wikipathways	WP3676	BDNF-TrkB Signaling	rs7713917,rs3805236,rs180515,rs17036350,rs6265,rs2283792
wikipathways	WP3872	Regulation of Apoptosis by Parathyroid Hormone-related Protein	rs210138,rs12621278,rs12479254,rs210134,rs9642880
wikipathways	WP2815	Mammary gland development pathway - Involution (Stage 4 of 4)	rs744166,rs9642880,rs9929218
wikipathways	WP3924	Hfe effect on hepcidin production	rs12198986,rs4939827,rs1800562,rs855791,rs4820268
wikipathways	WP49	IL-2 Signaling Pathway	rs242557,rs744166,rs180515,rs9642880,rs2153960,rs3118470,rs290986,rs9480865,rs8070723,rs2283792,rs2104286,rs7090512,rs706779,rs4238010,rs2284033,rs7911500,rs12251307,rs4601609,rs11611647
wikipathways	WP3635	Insulin signalling in human adipocytes (diabetic condition)	rs2115386,rs548097,rs180515,rs17036350,rs2943641,rs891088,rs7578326
wikipathways	WP496	Steroid Biosynthesis	rs17115100
wikipathways	WP3934	Leptin and adiponectin	rs1892534,rs12230440,rs266717,rs1648707,rs12753193
wikipathways	WP61	Notch Signaling Pathway	rs242557,rs7665090,rs501764,rs744166,rs3131296,rs2273061,rs443198,rs9642880,rs1321311,rs404860,rs12423712,rs8070723,rs10483853,rs10758669,rs9296015
wikipathways	WP3644	NAD+ metabolism	rs3219090
wikipathways	WP3998	Prader-Willi and Angelman Syndrome	rs10876993,rs1847134,rs7111341,rs12143943,rs445,rs35390,rs1667394,rs3753242,rs1042602,rs8043440,rs1063192,rs2282978,rs1393350,rs12201676,rs35391,rs4238010,rs3867498,rs6265,rs12913832,rs16891982,rs11611647
wikipathways	WP2637	Structural Pathway of Interleukin 1 (IL-1)	rs968451,rs889312,rs9642880,rs7626795,rs8016947,rs7209435,rs2413583,rs16886165,rs7665090,rs9290936,rs2283792
wikipathways	WP391	Mitochondrial Gene Expression	rs10491334,rs2659546,rs32579
wikipathways	WP3845	Canonical  and Non-canonical Notch signaling	rs956237,rs9296015,rs3131296,rs443198,rs404860,rs2273061
wikipathways	WP2857	Mesodermal Commitment Pathway	rs501764,rs7089424,rs2074404,rs12431733,rs1529672,rs6670655,rs744910,rs227731,rs3803662,rs1435703,rs4444235,rs8756,rs956237,rs774359,rs1800961,rs233100,rs10958409,rs7979673,rs2300478,rs415430,rs9960767,rs10758669,rs11067228,rs2236164,rs1504749,rs4743034,rs3130501,rs6941421,rs12424086,rs10423674,rs613872,rs4962416,rs6442925,rs17760296,rs10850409,rs960089,rs11897119,rs1733724,rs11129295,rs4812829,rs7789197,rs3112612,rs2277027,rs9298506
wikipathways	WP2878	PPAR Alpha Pathway	rs7374394,rs7120118,rs10876993,rs6065904,rs12272004,rs9642880,rs11666579
wikipathways	WP4147	PTF1A related regulatory pathway	rs340874,rs2121875
wikipathways	WP383	Striated Muscle Contraction Pathway	rs12476289,rs909116,rs1926203,rs365990
wikipathways	WP2640	Aripiprazole Metabolic Pathway	
wikipathways	WP3926	ApoE and miR-146 in inflammation and atherosclerosis	
wikipathways	WP699	Aflatoxin B1 metabolism	rs2472304
wikipathways	WP3849	MAPK  and NFkB Signalling Pathways Inhibited by Yersinia YopJ	rs7665090,rs889312,rs16886165,rs2283792,rs8016947
wikipathways	WP3942	PPAR signaling pathway	rs13236689,rs1535,rs7374394,rs7120118,rs12678919,rs1648707,rs12272004,rs2083637,rs11666579,rs6065904,rs266717,rs285480,rs10800098,rs174570,rs2286963,rs10096633
wikipathways	WP28	Selenium Metabolism and Selenoproteins	rs7665090,rs9803659,rs10934853,rs4601609
wikipathways	WP716	Vitamin A and Carotenoid Metabolism	rs13236689,rs2068888,rs6544713,rs12678919,rs11057830,rs1529672,rs4765623,rs4299376,rs2083637,rs2250417,rs10800098,rs285480,rs2283792,rs1435703,rs10096633,rs6756629
wikipathways	WP2526	PDGF Pathway	rs744166,rs889312,rs12344583,rs8016947,rs3780792,rs2032794,rs16886165,rs7665090,rs2283792,rs4601609
wikipathways	WP1539	Angiogenesis	rs2283792,rs4789939,rs2981579,rs2114039,rs1219648,rs9472138,rs17086609,rs7677751
wikipathways	WP2874	Liver X Receptor Pathway	rs11868035,rs7120118,rs6544713,rs4299376,rs6756629
wikipathways	WP3930	EDA Signalling in Hair Follicle Development	rs415430,rs2074404,rs4844096,rs5936487,rs1733724
wikipathways	WP1449	Regulation of toll-like receptor signaling pathway	rs968451,rs2546890,rs610604,rs2327832,rs290986,rs398652,rs4728142,rs17810546,rs2283792,rs485499,rs9282641,rs7665090,rs10045431,rs8016947,rs6074022,rs3213094,rs4132509,rs2230926,rs2413583,rs6441286,rs7717572,rs4601609,rs10133111
wikipathways	WP521	Amino acid conjugation of benzoic acid	
wikipathways	WP2112	IL17 signaling pathway	rs10137082,rs744166,rs7665090,rs2283792,rs10758669,rs10133111
wikipathways	WP3851	TLR4 Signaling and Tolerance	rs2413583,rs968451,rs7665090,rs8016947,rs10133111
wikipathways	WP2374	Oncostatin M Signaling Pathway	rs495366,rs744166,rs2069408,rs17036350,rs280519,rs10495928,rs7578326,rs8016947,rs2228671,rs12720356,rs3889237,rs6511720,rs11668477,rs2943641,rs7665090,rs9472138,rs2283792,rs10758669
wikipathways	WP4336	ncRNAs involved in Wnt signaling in hepatocellular carcinoma	rs2074404,rs1504749,rs16826658,rs7903146,rs3736228,rs9642880,rs1513670,rs4944092,rs7901695,rs11968166,rs956237,rs4962416,rs1733724,rs10958409,rs3218097,rs4238010,rs415430,rs7349332,rs9298506,rs4601609,rs11611647
wikipathways	WP3853	ERK Pathway in Huntington's Disease	rs2283792,rs11979158,rs6265
wikipathways	WP2911	miRNA targets in ECM and membrane receptors	rs185819,rs1551943,rs441051,rs7319311,rs7044529,rs1150754,rs2269426,rs3742207,rs12198173
wikipathways	WP2038	Regulation of Microtubule Cytoskeleton	rs3889237,rs242557,rs744166,rs8070723,rs10491334
wikipathways	WP2876	Pregnane X Receptor pathway	rs4086116,rs887829,rs4149081,rs4148546,rs1057910,rs1926657,rs2755237,rs4363657,rs6742078,rs2185570,rs4148441,rs12767583,rs2229741,rs10509680
wikipathways	WP4341	Non-genomic actions of 1,25 dihydroxyvitamin D3	rs11221332,rs3807989,rs6056209,rs6590330,rs280519,rs3781264,rs10495928,rs1127065,rs2076756,rs2274223,rs6118083,rs3753242,rs10800098,rs2283792,rs9302752,rs2066808,rs1800693,rs6074022,rs4601609,rs3889237,rs12720356,rs5743289,rs285480,rs7665090,rs3765524,rs2248359,rs1869901
wikipathways	WP3850	Factors and pathways affecting insulin-like growth factor (IGF1)-Akt signaling	rs180515,rs17036350,rs5742692,rs2943641,rs7665090,rs7578326,rs1800693,rs744910
wikipathways	WP3925	Amino Acid metabolism	rs2807278,rs6586282,rs991316,rs7374394,rs3027409,rs2896526,rs10513789,rs7122539,rs560887,rs1789891,rs1402837,rs1789924
wikipathways	WP268	Notch Signaling	rs9296015,rs4962416,rs12423712,rs3131296,rs10483853,rs443198,rs404860,rs2273061
wikipathways	WP2643	Nanoparticle-mediated activation of receptor signaling	rs1551943,rs2283792,rs4132509,rs11979158
wikipathways	WP3858	Toll-like Receptor Signaling	rs13017599,rs13031237,rs1432295,rs7665090,rs2283792,rs702873,rs10133111
wikipathways	WP3879	4-hydroxytamoxifen, Dexamethasone, and Retinoic Acids Regulation of p27 Expression	rs2283792,rs17036350
wikipathways	WP2858	Ectoderm Differentiation	rs6845865,rs1926657,rs10259085,rs4844096,rs12431733,rs903027,rs6885224,rs5936487,rs9642880,rs356220,rs3734398,rs534870,rs17116334,rs7795096,rs7805747,rs4148441,rs6993813,rs13074924,rs3803662,rs6469804,rs6028945,rs4444235,rs11695685,rs10048146,rs11645366,rs9574565,rs2981579,rs9292394,rs2736990,rs646776,rs4355801,rs11107116,rs4724100,rs11154801,rs1219648,rs3112612,rs11931074,rs735665,rs4148546
wikipathways	WP1528	Physiological and Pathological Hypertrophy  of the Heart	rs744166,rs1950500,rs10495928,rs2283792,rs4601609,rs2659546,rs815815
wikipathways	WP185	Integrin-mediated Cell Adhesion	rs12593813,rs6480314,rs11574637,rs3807989,rs3781684,rs7077361,rs197770,rs2571445,rs9888739,rs2283792,rs1551943,rs12344583,rs11150610,rs2292354,rs1378942,rs3780792,rs12621278,rs4132509,rs2241423,rs2084385
wikipathways	WP2805	exRNA mechanism of action and biogenesis	
wikipathways	WP3527	Preimplantation Embryo	rs1490453,rs501764,rs1033180,rs10850409,rs6670655,rs944289,rs7742369,rs2744148,rs872071,rs3130501,rs11067228,rs12203592,rs9929218,rs1776897,rs4857855,rs9502893,rs7538876,rs987237
wikipathways	WP2855	Dopaminergic Neurogenesis	rs744166,rs867559
wikipathways	WP2806	Human Complement System	rs5498,rs2158836,rs11574637,rs3093030,rs10033900,rs6056,rs11880198,rs11265260,rs2544390,rs1648707,rs6677604,rs3177980,rs2808630,rs3818361,rs12093699,rs2731672,rs1054627,rs6136,rs749005,rs4925386,rs1569476,rs6701713,rs830998,rs1799969,rs12034383,rs6074022,rs6052699,rs3889237,rs783147,rs1329428,rs6107516,rs266717,rs2794520
wikipathways	WP2814	Mammary gland development pathway - Puberty (Stage 2 of 4)	rs1999805,rs6902771,rs2229741,rs543650,rs9642880,rs2504063
wikipathways	WP3865	socs1	rs1990760,rs4815617,rs16886165,rs7665090,rs889312,rs8016947,rs1746048,rs10133111
wikipathways	WP58	Monoamine GPCRs	rs11214606,rs82625,rs869244,rs3995090,rs2782980
wikipathways	WP3670	Simplified Interaction Map Between LOXL4 and Oxidative Stress Pathway	rs4338740,rs967417
wikipathways	WP2889	Oxytocin signaling	
wikipathways	WP311	Synthesis and Degradation of Ketone Bodies	
wikipathways	WP702	Metapathway biotransformation Phase I and II	rs4086116,rs2068888,rs2899472,rs2108622,rs12772169,rs6686643,rs2185570,rs4148325,rs11892031,rs887829,rs2470893,rs1057910,rs10521232,rs17115100,rs1495741,rs3848445,rs10516526,rs6742078,rs2847476,rs2305707,rs2038823,rs12767583,rs11888559,rs10509680,rs2248359,rs2472304
wikipathways	WP4342	Vitamins A and D - action mechanisms	
wikipathways	WP3679	Cell-type Dependent Selectivity of CCK2R Signaling	rs6056209,rs7554607,rs6118083,rs2819742,rs2819770,rs2229116
wikipathways	WP1541	Energy Metabolism	rs1366594,rs2755237,rs2153960,rs32579,rs2659546,rs7795096,rs9480865,rs7805747,rs10491334
wikipathways	WP2853	Endoderm Differentiation	rs10927875,rs4430796,rs2074404,rs2236164,rs1504749,rs6670655,rs2755237,rs4743034,rs1111875,rs3130501,rs5015480,rs6941421,rs744910,rs10423674,rs2336725,rs227731,rs7923837,rs3803662,rs613872,rs956237,rs4962416,rs17760296,rs7501939,rs960089,rs944289,rs1733724,rs11129295,rs233100,rs10958409,rs3112612,rs415430,rs1386330,rs9960767,rs9298506
wikipathways	WP2533	Glycerophospholipid Biosynthetic Pathway	rs10460009,rs4129767
wikipathways	WP3657	Hematopoietic Stem Cell Gene Regulation by GABP alpha/beta Complex	rs1801516,rs9480865,rs8192917,rs2187642,rs2153960
wikipathways	WP422	MAPK Cascade	rs7209435,rs889312,rs16886165,rs2283792,rs4601609
wikipathways	WP500	Glycogen Synthesis and Degradation	rs7072268,rs815815,rs1864982,rs11158493
wikipathways	WP143	Fatty Acid Beta Oxidation	rs10468017,rs10096633,rs1532085,rs12678919,rs2286963,rs3825776,rs4775031,rs2083637
wikipathways	WP382	MAPK Signaling Pathway	rs12593813,rs242557,rs968451,rs2306374,rs2070615,rs5945326,rs9642880,rs6687758,rs975121,rs4338740,rs798544,rs8070723,rs2234978,rs2283792,rs2121875,rs2310173,rs1182188,rs1366594,rs152528,rs3743200,rs2032794,rs2981579,rs4132509,rs2413583,rs6265,rs17369571,rs2084385,rs4601609,rs892055,rs2659546,rs8035957,rs2281845,rs216013,rs16886165,rs889312,rs1458038,rs7158173,rs1800693,rs1219648,rs798497,rs6691170,rs3889237,rs7076247,rs7665090,rs2241423,rs11979158,rs538147,rs7069923
wikipathways	WP2816	Felbamate Metabolism	
wikipathways	WP3959	DNA IR-Double Strand Breaks (DSBs) and cellular response via ATM	rs210138,rs1801516,rs2916733,rs3219090,rs1547014,rs17077154,rs2244012,rs738722,rs210134
wikipathways	WP322	Osteoblast Signaling	rs9594738,rs9594759,rs2114039,rs4355801,rs6993813,rs1054627,rs6469804,rs7677751
wikipathways	WP2366	Butyrate-induced histone acetylation	
wikipathways	WP1600	Nicotine Metabolism	
wikipathways	WP2037	Prolactin Signaling Pathway	rs744166,rs180515,rs2070729,rs17036350,rs12344583,rs7578326,rs9642880,rs8016947,rs4795067,rs4601609,rs3780792,rs10758669,rs11107116,rs2943641,rs7665090,rs2283792,rs1341239
wikipathways	WP1434	Osteopontin Signaling	rs7665090,rs2283792
wikipathways	WP1946	Cori Cycle	rs7072268,rs2896526,rs7111341
wikipathways	WP3594	Circadian rhythm related genes	rs4430796,rs4979906,rs9806762,rs1387153,rs339969,rs2234978,rs2835810,rs17716942,rs13074924,rs710841,rs7120118,rs3743266,rs8028182,rs944289,rs4795067,rs673604,rs11071559,rs3858145,rs3784609,rs2957128,rs4601609,rs340874,rs10876993,rs11214606,rs2166706,rs12483205,rs1447352,rs1648707,rs9296249,rs7713917,rs809736,rs10423674,rs3923809,rs11868035,rs3796804,rs6442925,rs7501939,rs5742915,rs7193343,rs7916697,rs340029,rs266717,rs2229741,rs10999409,rs9357271,rs3018362
wikipathways	WP524	G13 Signaling Pathway	rs815815,rs180515,rs10411210
wikipathways	WP4156	Biosynthesis and regeneration of tetrahydrobiopterin (BH4) and catabolism of phenylalanine, including diseases	
wikipathways	WP2943	Hypoxia-mediated EMT and Stemness	
wikipathways	WP3674	Tgif disruption of Shh signaling	rs944289,rs2038256,rs4724100
wikipathways	WP197	Cholesterol Biosynthesis Pathway	rs3846662,rs2645424
wikipathways	WP2035	Follicle Stimulating Hormone (FSH) signaling pathway	rs2899472,rs180515,rs17036350,rs2755237,rs2305707,rs3889237,rs6265,rs7591064,rs2283792,rs2268363
wikipathways	WP1591	Heart Development	rs2283792,rs6442925,rs1366594,rs12431733,rs1950500,rs3825214,rs967417,rs9472138,rs4975709,rs2121875,rs4444235
wikipathways	WP229	Irinotecan Pathway	rs887829,rs4149081,rs4363657,rs6742078,rs1805081,rs4148325,rs2231142,rs1481012,rs11892031
wikipathways	WP1601	Fluoropyrimidine Activity	rs1926657,rs4657482,rs2074955,rs17367504,rs2231142,rs1481012,rs4148441,rs1801133,rs470119,rs4148546
wikipathways	WP2272	Pathogenic Escherichia coli infection	rs3889237,rs9929218
wikipathways	WP3408	Evolocumab Mechanism	rs6511720,rs2228671,rs11668477,rs11206510
wikipathways	WP3944	Serotonin and anxiety-related events	rs17035378,rs13074924,rs9303521,rs7595037,rs2659546,rs393152
wikipathways	WP2873	Aryl Hydrocarbon Receptor Pathway	rs887829,rs2470893,rs10045431,rs6742078,rs2546890,rs3213094,rs17810546,rs6441286,rs12188164,rs11979158,rs4601609,rs485499,rs2472304
wikipathways	WP3972	PDGFR-beta pathway	rs744166,rs167769,rs4601609,rs3889237,rs2032794,rs16886165,rs1059513,rs889312,rs10758669
wikipathways	WP176	Folate Metabolism	rs2115386,rs5498,rs2295639,rs3093030,rs11265260,rs2515629,rs891088,rs7111341,rs693,rs6754295,rs2575876,rs2808630,rs484959,rs6511720,rs12686004,rs11668477,rs12093699,rs12282742,rs1801133,rs4765623,rs673548,rs4149268,rs541041,rs7665090,rs6586282,rs10498514,rs1799969,rs3905000,rs783147,rs17367504,rs2794520,rs11057830,rs2228671
wikipathways	WP3613	Photodynamic therapy-induced unfolded protein response	rs6051520
wikipathways	WP615	Senescence and Autophagy in Cancer	rs17036350,rs2070729,rs7111341,rs7742369,rs744910,rs4728142,rs2006996,rs2283792,rs967417,rs3792109,rs6478108,rs4537545,rs1321311,rs4129267,rs7789197,rs5742692,rs1776897,rs1772408,rs4601609,rs2241880,rs6478109
wikipathways	WP3933	Kennedy pathway from Sphingolipids	
wikipathways	WP2868	TCA Cycle Nutrient Utilization and Invasiveness of Ovarian Cancer	rs2283792,rs11979158,rs744166
wikipathways	WP2436	Dopamine metabolism	rs3027409,rs1393350,rs1042602,rs1847134
wikipathways	WP4155	Endometrial cancer	rs210138,rs956237,rs11695685,rs11979158,rs7903146,rs1219648,rs9929218,rs9642880,rs2153960,rs1321311,rs152528,rs9480865,rs477895,rs2981579,rs4132509,rs7901695,rs210134,rs2283792
wikipathways	WP3927	BMP Signaling Pathway in Eyelid Development	rs454305,rs12431733,rs889312,rs1219648,rs4601609,rs2981579,rs16886165,rs11979158,rs2121875,rs4444235
wikipathways	WP1544	MicroRNAs in cardiomyocyte hypertrophy	rs12593813,rs744166,rs17036350,rs968451,rs3736228,rs7922491,rs2659546,rs1869901,rs2283792,rs11984041,rs1950500,rs1219648,rs2981579,rs2413583,rs5742692,rs7665090,rs2241423,rs2439312,rs815815
wikipathways	WP2597	Secretion of Hydrochloric Acid in Parietal Cells	
wikipathways	WP45	G1 to S cell cycle control	rs11968166,rs1801516,rs1063192,rs2069408,rs10876993,rs2282978,rs9642880,rs3218097,rs1321311,rs445,rs4238010,rs8102137,rs2277339,rs11611647
wikipathways	WP1971	Integrated Cancer Pathway	rs1801516,rs1063192,rs2069408,rs10876993,rs6435862,rs9642880,rs1321311,rs744910,rs1547014,rs2244012,rs477895,rs738722,rs17291650,rs3768716,rs9803659
wikipathways	WP661	Glucose Homeostasis	rs7111341
wikipathways	WP117	GPCRs, Other	rs6842241,rs646776,rs4650608,rs11971186,rs17864092,rs7591064,rs2268363,rs17691394
wikipathways	WP1403	AMP-activated Protein Kinase (AMPK) Signaling	rs2115386,rs12230440,rs180515,rs17036350,rs6056209,rs891088,rs1648707,rs3764640,rs1892534,rs7795096,rs7805747,rs6118083,rs12753193,rs11868035,rs758642,rs1800961,rs3846662,rs1321311,rs32579,rs4812829,rs266717
wikipathways	WP691	Tamoxifen metabolism	rs4086116,rs2470893,rs1057910,rs2185570,rs4148325,rs12767583,rs11892031,rs10509680,rs2472304
wikipathways	WP2583	T-Cell Receptor and Co-stimulatory Signaling	rs12483205,rs231735,rs1024161,rs8016947,rs2659546,rs3889237,rs2032794,rs8035957,rs7665090,rs6547705,rs2835810,rs815815
wikipathways	WP3655	Hypothetical Craniofacial Development Pathway	rs10937405,rs7610017,rs710521,rs10863790
wikipathways	WP1471	Target Of Rapamycin (TOR) Signaling	rs3889237,rs7795096,rs7805747,rs180515,rs17036350,rs3846662
wikipathways	WP3995	Prion disease pathway	rs2300603,rs744166,rs2556378,rs12279261,rs1366594,rs766432,rs243021,rs872071,rs6052699,rs12203592,rs6107516,rs16933812,rs7665090,rs1436109,rs2283792,rs1033180
wikipathways	WP2261	Signaling Pathways in Glioblastoma	rs12593813,rs10876993,rs2755237,rs12143943,rs2114039,rs445,rs2153960,rs534870,rs10243024,rs9480865,rs8102137,rs3805236,rs3753242,rs2283792,rs1801516,rs1063192,rs2069408,rs2282978,rs1219648,rs7578326,rs1321311,rs4238010,rs7677751,rs9574565,rs3889237,rs2981579,rs4132509,rs2943641,rs2241423,rs11979158,rs11611647
wikipathways	WP4153	Degradation pathway of sphingolipids, including diseases	
wikipathways	WP183	Proteasome Degradation	rs2523608,rs6031882,rs9468925,rs10484554,rs3129055,rs16912145,rs2247056,rs9357155,rs2860580,rs13437082,rs9264942,rs2523809,rs831571,rs4713693
wikipathways	WP528	Acetylcholine Synthesis	
wikipathways	WP453	Inflammatory Response Pathway	rs7090512,rs2158836,rs706779,rs1800693,rs441051,rs6074022,rs3118470,rs4925386,rs2284033,rs4143832,rs7911500,rs1801275,rs12251307,rs2104286,rs525410,rs9282641
wikipathways	WP3680	Association Between Physico-Chemical Features and Toxicity Associated Pathways	rs4944092,rs12658202,rs454305,rs11979158,rs2283792,rs9642880,rs4601609,rs1321311
wikipathways	WP334	GPCRs, Class B Secretin-like	rs393152,rs9303521,rs11671664
wikipathways	WP22	IL-9 Signaling Pathway	rs2283792,rs744166
wikipathways	WP408	Oxidative Stress	rs7665090,rs2470893,rs3027409
wikipathways	WP474	Endochondral Ossification	rs13188386,rs1366594,rs979233,rs606452,rs1522232,rs4724100,rs1004446,rs1464500,rs10903122,rs12198986,rs6138150,rs5742692,rs9472138,rs815815
wikipathways	WP2854	Gene regulatory network modelling somitogenesis	rs10932886
wikipathways	WP2485	NAD Biosynthesis II (from tryptophan)	
wikipathways	WP558	Complement and Coagulation Cascades	rs6056,rs569214,rs7586970,rs10033900,rs12034383,rs6677604,rs783147,rs3818361,rs1329428,rs2731672,rs710446,rs6701713
wikipathways	WP179	Cell Cycle	rs11968166,rs1801516,rs1063192,rs10927875,rs2069408,rs2282978,rs10876993,rs9642880,rs445,rs1321311,rs1547014,rs4238010,rs2431697,rs3218097,rs8102137,rs744910,rs738722,rs11611647
wikipathways	WP2197	Endothelin Pathways	rs6056209,rs11880198,rs82625,rs2782980,rs3889237,rs6842241,rs11065611,rs6118083,rs2283792,rs815815
wikipathways	WP129	Matrix Metalloproteinases	rs495366,rs1555322,rs4789939
wikipathways	WP43	Oxidation by Cytochrome P450	rs4086116,rs2068888,rs2899472,rs2470893,rs1057910,rs17115100,rs2108622,rs2305707,rs12772169,rs2185570,rs12767583,rs11888559,rs10509680,rs2248359,rs2472304
wikipathways	WP254	Apoptosis	rs210138,rs2070729,rs710521,rs9642880,rs872071,rs7610017,rs10937405,rs3761847,rs4728142,rs12479254,rs16886165,rs210134,rs889312,rs2234978,rs1033180,rs1800693,rs1004446,rs8016947,rs2103868,rs12203592,rs10863790,rs477895,rs8192917,rs5742692,rs7665090,rs10999409,rs4601609,rs10133111
wikipathways	WP2636	Common Pathways Underlying Drug Addiction	rs3889237,rs12658202,rs263238,rs11214606,rs10491334,rs2283792,rs10831496,rs815815
wikipathways	WP364	IL-6 signaling pathway	rs744166,rs180515,rs2070729,rs11265260,rs280519,rs4537545,rs2808630,rs12720356,rs4129267,rs3805236,rs477895,rs2794520,rs12093699,rs2283792,rs10758669
wikipathways	WP170	Nuclear Receptors	rs5919432,rs9310736,rs1529672,rs5031002,rs6902771,rs3790844,rs809736,rs6625163,rs339969,rs10800098,rs1435703,rs2504063,rs1999805,rs7120118,rs3743266,rs1800961,rs543650,rs4812829,rs11071559,rs340029,rs285480,rs3784609
wikipathways	WP1584	Type II diabetes mellitus	rs2115386,rs17036350,rs891088,rs1648707,rs7578326,rs5219,rs266717,rs2943641,rs3753242,rs2283792,rs5215
wikipathways	WP400	p38 MAPK Signaling Pathway	rs3743200,rs7158173,rs16886165,rs889312,rs9642880
wikipathways	WP2007	Iron metabolism in placenta	rs13180,rs3811647,rs1799852,rs1049296,rs1867504
wikipathways	WP3938	miR-222 in Exercise-Induced Cardiac Growth	
wikipathways	WP2586	Aryl Hydrocarbon Receptor	rs12678919,rs6902771,rs9642880,rs12188164,rs9472138,rs2283792,rs2504063,rs10096633,rs13236689,rs1999805,rs2470893,rs2069408,rs543650,rs2083637,rs1321311,rs12423712,rs2229741,rs7665090,rs11979158,rs2472304
wikipathways	WP231	TNF alpha Signaling Pathway	rs13017599,rs10444502,rs968451,rs610604,rs2327832,rs3761847,rs1432295,rs16886165,rs3753242,rs889312,rs2283792,rs1800693,rs4767631,rs8016947,rs4601609,rs7209435,rs13031237,rs477895,rs2230926,rs2413583,rs7665090,rs702873
wikipathways	WP404	Nucleotide Metabolism	rs2307449
wikipathways	WP1772	Apoptosis Modulation and Signaling	rs210138,rs13278062,rs1600249,rs4355801,rs12479254,rs2736340,rs742134,rs6993813,rs2234978,rs210134,rs2310173,rs6469804,rs1800693,rs8016947,rs477895,rs7812879,rs7665090,rs2234962,rs4601609,rs10133111
wikipathways	WP1438	Influenza A virus infection	
wikipathways	WP2895	Differentiation of white and brown adipocyte	rs967417,rs1841770,rs12431733,rs266717,rs2651899,rs1648707,rs4444235,rs32579
wikipathways	WP2289	Drug Induction of Bile Acid Pathway	rs4149081,rs4148546,rs1926657,rs4148441,rs552976,rs16856332,rs4363657
wikipathways	WP2018	RANKL/RANK (Receptor activator of NFKB (ligand)) Signaling Pathway	rs5498,rs7647307,rs3093030,rs17036350,rs968451,rs3761847,rs290986,rs4355801,rs6993813,rs7253363,rs2283792,rs6469804,rs9594738,rs9594759,rs1799969,rs8016947,rs4601609,rs2413583,rs7665090,rs2957128,rs3018362,rs10133111
wikipathways	WP531	DNA Mismatch Repair	
wikipathways	WP428	Wnt Signaling	rs2074404,rs2395730,rs16826658,rs7903146,rs1504749,rs6056209,rs3736228,rs9642880,rs2659546,rs1127065,rs1513670,rs4944092,rs7901695,rs6118083,rs153734,rs11968166,rs956237,rs4962416,rs1950500,rs1733724,rs10958409,rs3218097,rs4238010,rs3889237,rs4601609,rs415430,rs7349332,rs9298506,rs1869901,rs11611647
wikipathways	WP3593	MicroRNA for Targeting Cancer Growth and Vascularization in Glioblastoma	rs9472138
wikipathways	WP2542	Sulindac Metabolic Pathway	rs11775334,rs7017212,rs10506525,rs2472304
wikipathways	WP712	Estrogen signaling pathway	rs2283792,rs1999805,rs6902771,rs7665090,rs543650,rs2504063,rs4601609
wikipathways	WP314	Fas Ligand (FasL) pathway and Stress induction of Heat Shock Proteins (HSP) regulation	rs40457,rs889312,rs3827730,rs16886165,rs2234978,rs2084385,rs3219090,rs4601609
wikipathways	WP516	Hypertrophy Model	rs9472138,rs712039,rs717615
wikipathways	WP47	Hedgehog Signaling Pathway	rs8028182,rs4724100
wikipathways	WP3869	Cannabinoid receptor signaling	rs4086116,rs2470893,rs1057910,rs2185570,rs12767583,rs13224682,rs10509680,rs7798500,rs2283792
wikipathways	WP2646	Lidocaine metabolism	rs2472304
wikipathways	WP1995	Effects of Nitric Oxide	rs4795067
wikipathways	WP2446	Retinoblastoma Gene in Cancer	rs11968166,rs11618202,rs2069408,rs2282978,rs10876993,rs6435862,rs8028182,rs837763,rs9642880,rs445,rs1321311,rs3218097,rs690705,rs8102137,rs2277339,rs3827730,rs3768716
wikipathways	WP2011	SREBF and miR33 in cholesterol and lipid homeostasis	rs11868035,rs7120118,rs3905000,rs2515629,rs17036350,rs3846662,rs2575876,rs6511720,rs12686004,rs11668477,rs2228671,rs4149268
wikipathways	WP554	ACE Inhibitor Pathway	rs1490453,rs1403543,rs4329,rs710446,rs4343
wikipathways	WP2406	Cardiac Progenitor Differentiation	rs1504749,rs12279261,rs12431733,rs7111341,rs2114039,rs3825214,rs3130501,rs3922844,rs227731,rs1436109,rs4975709,rs365990,rs4444235,rs882300,rs314277,rs17760296,rs1366594,rs314268,rs12053903,rs1004446,rs1733724,rs10958409,rs7677751,rs7789197,rs5742692,rs9298506,rs2439312
wikipathways	WP3651	Pathways Affected in Adenoid Cystic Carcinoma	rs2893923,rs1801516,rs7089424,rs6009824,rs7158173,rs9642880,rs7923609,rs2153960,rs1547014,rs9480865,rs738722
wikipathways	WP3981	miRNA regulation of prostate cancer signaling pathways	rs5919432,rs17036350,rs5031002,rs2755237,rs8016947,rs1321311,rs1372072,rs6625163,rs477895,rs4132509,rs2735839,rs7665090,rs2283792
wikipathways	WP2032	Human Thyroid Stimulating Hormone (TSH) signaling pathway	rs744166,rs180515,rs10876993,rs17036350,rs6056209,rs9642880,rs798544,rs8102137,rs6118083,rs10052657,rs2283792,rs17111394,rs702543,rs11968166,rs2069408,rs1182188,rs798497,rs3218097,rs1823068,rs1588265,rs10758669,rs12101261,rs8017455,rs4601609
wikipathways	WP2795	Cardiac Hypertrophic Response	rs12593813,rs11984041,rs17036350,rs889312,rs1800693,rs1219648,rs7922491,rs2659546,rs3889237,rs2981579,rs5742692,rs16886165,rs7665090,rs2241423,rs2283792,rs2439312,rs815815
wikipathways	WP3874	Canonical and Non-Canonical TGF-B signaling	rs893817,rs744910
wikipathways	WP581	EPO Receptor Signaling	rs2032794,rs744166,rs10758669,rs2943641,rs2283792,rs7578326
wikipathways	WP2864	Apoptosis-related network due to altered Notch3 in ovarian cancer	rs11221332,rs180515,rs4939827,rs6590330,rs40457,rs3194051,rs2084385,rs1321311,rs3761847,rs2103868,rs860413,rs7665090,rs2283792,rs6897932,rs2439312
wikipathways	WP3302	eIF5A regulation in response to inhibition of the nuclear export system	rs9674544
wikipathways	WP2942	DDX1 as a regulatory component of the Drosha microprocessor	rs1801516,rs2244012
wikipathways	WP2359	Parkin-Ubiquitin Proteasomal System pathway	rs8102137,rs11931074,rs5754217,rs2736990,rs4821112,rs831571,rs356220
wikipathways	WP2380	Brain-Derived Neurotrophic Factor (BDNF) signaling pathway	rs12593813,rs12658202,rs242557,rs180515,rs17036350,rs9806762,rs2153960,rs4764043,rs8070723,rs1436109,rs2283792,rs2160519,rs10748128,rs4764039,rs1366594,rs13088462,rs7578326,rs9674544,rs3743200,rs3780792,rs477895,rs6265,rs8023445,rs10758669,rs4601609,rs744166,rs12279261,rs7587928,rs9480865,rs199533,rs10423674,rs16886165,rs8043440,rs889312,rs967417,rs2298574,rs12344583,rs1950500,rs224278,rs8016947,rs183211,rs9652490,rs2943641,rs7665090,rs2241423,rs10491334
wikipathways	WP325	Triacylglyceride Synthesis	rs10468017,rs10096633,rs1532085,rs12678919,rs3825776,rs7435,rs4775031,rs2083637
wikipathways	WP4217	Ebola Virus Pathway on Host	rs6673480,rs3129055,rs3750965,rs10484561,rs2860580,rs17174870,rs11984145,rs3129890,rs13437082,rs987870,rs2283792,rs4713693,rs3135363,rs2647044,rs9275698,rs660895,rs3135338,rs2647012,rs1805081,rs3780792,rs13031237,rs9275572,rs9264942,rs7453920,rs702873,rs13017599,rs2523608,rs3129882,rs3807989,rs9468925,rs9277535,rs2856718,rs7775228,rs10484554,rs2268983,rs9357152,rs1432295,rs2301271,rs7025486,rs3077,rs13192471,rs1551943,rs6903608,rs7765379,rs12344583,rs9271366,rs9500927,rs7774434,rs12621278,rs2247056,rs2858331,rs7665090,rs11979158,rs2523809,rs6457617
wikipathways	WP12	Osteoclast Signaling	rs9594738,rs9594759,rs4355801,rs6993813,rs7253363,rs2957128,rs3018362,rs6469804
wikipathways	WP3937	Microglia Pathogen Phagocytosis Pathway	rs3780792,rs290986,rs4821544,rs9888739,rs11150610,rs12344583
wikipathways	WP24	Peptide GPCRs	rs12970134,rs1403543,rs13314993,rs10871777,rs6842241,rs3093024,rs571312,rs7591064,rs17111394,rs2268363,rs882300,rs572169,rs154659,rs3093023,rs4785763,rs13405728,rs6421571,rs12101261,rs8017455,rs630923
wikipathways	WP3601	Composition of Lipid Particles	rs541041,rs1800775,rs1864163,rs12678919,rs693,rs6754295,rs673548,rs2083637,rs7499892,rs6511720,rs1532624,rs11668477,rs9989419,rs3764261,rs2228671,rs12708980,rs10096633
wikipathways	WP1433	Nucleotide-binding Oligomerization Domain (NOD) pathway	rs4077515,rs2076756,rs10781500,rs40457,rs5743289,rs9302752,rs1539019,rs8016947
wikipathways	WP4150	Wnt Signaling in Kidney Disease	rs415430,rs7349332,rs2074404,rs16826658,rs4944092,rs3736228
wikipathways	WP138	Androgen receptor signaling pathway	rs5919432,rs1250550,rs3807989,rs744166,rs5031002,rs8028182,rs2755237,rs1321311,rs4601609,rs704010,rs744910,rs8102137,rs12423712,rs6625163,rs2735839,rs1250552,rs11979158,rs11593576
wikipathways	WP4478	LTF danger signal response pathway	rs7665090,rs2070600,rs2283792
wikipathways	WP3963	Mevalonate pathway	rs3846662
wikipathways	WP2826	Cocaine metabolism	
wikipathways	WP4148	Splicing factor NOVA regulated synaptic proteins	rs10994397,rs4979906,rs6764363,rs4948418,rs10510181,rs12207601,rs1474747,rs4764043,rs3753242,rs2160519,rs2298574,rs4764039,rs7769153,rs10761482,rs2681472,rs10494067,rs10489849,rs10074258,rs2681492
wikipathways	WP3645	NAD+ biosynthetic pathways	rs3219090,rs4698412,rs4538475
wikipathways	WP550	Biogenic Amine Synthesis	rs3027409
wikipathways	WP4249	Hedgehog Signaling Pathway	rs830998,rs1828591,rs2544390,rs11241713,rs4238010,rs13118928,rs735172,rs1812175,rs6854783,rs11611647,rs4724100
wikipathways	WP3614	Photodynamic therapy-induced HIF-1 survival signaling	rs210138,rs454305,rs7072268,rs2896526,rs210134,rs4795067,rs9472138
wikipathways	WP4146	Macrophage markers	rs7136716,rs9282641
wikipathways	WP3612	Photodynamic therapy-induced NFE2L2 (NRF2) survival signaling	rs2231142,rs1481012,rs1926657,rs4148441,rs4148546,rs4601609
wikipathways	WP2525	Trans-sulfuration and one carbon metabolism	rs11754661,rs10498514,rs6586282,rs2295639,rs1801133,rs477992,rs17367504
wikipathways	WP530	Cytokines and Inflammatory Response	rs3135363,rs1126757,rs13192471,rs3129882,rs6903608,rs7765379,rs660895,rs10045431,rs3135338,rs484959,rs2546890,rs9271366,rs3024505,rs3213094,rs20541,rs3129890,rs4143832,rs1295686
wikipathways	WP186	Homologous recombination	rs1801516,rs2244012
wikipathways	WP3668	Hypothesized Pathways in Pathogenesis of Cardiovascular Disease	rs2283792,rs374748,rs7865146,rs27855,rs744910
wikipathways	WP3996	Ethanol effects on histone modifications	rs11984041,rs1789891,rs1801133,rs1789924,rs17367504
wikipathways	WP673	ErbB Signaling Pathway	rs1350666,rs180515,rs17036350,rs1484170,rs454305,rs2755237,rs9642880,rs1127065,rs3805236,rs2283792,rs8023445,rs2084385,rs1321311,rs4601609,rs3889237,rs477895,rs4132509,rs11979158,rs2439312
wikipathways	WP2332	Interleukin-11 Signaling Pathway	rs5498,rs1126757,rs744166,rs3093030,rs1799969,rs180515,rs280519,rs12720356,rs17291650,rs1054627,rs2283792,rs10758669
wikipathways	WP206	Fatty Acid Omega Oxidation	rs2470893,rs991316,rs1789891,rs1789924,rs2472304
wikipathways	WP2877	Vitamin D Receptor Pathway	rs11642873,rs2755237,rs7305618,rs4712523,rs17810546,rs6993813,rs7756992,rs391525,rs485499,rs2650000,rs9594759,rs1063192,rs9275698,rs1420101,rs402710,rs4613763,rs2681472,rs6074022,rs10074258,rs10509680,rs4086116,rs401681,rs7754840,rs305061,rs8035957,rs4728142,rs9888739,rs1109670,rs1033180,rs13192471,rs9594738,rs2069408,rs1057910,rs7765379,rs2903692,rs735396,rs1321311,rs9271366,rs10137082,rs7077164,rs6908425,rs710446,rs3736228,rs9642880,rs6687758,rs2327832,rs6469804,rs660895,rs231735,rs12198986,rs9275572,rs31489,rs1227756,rs45430,rs4975616,rs872071,rs610604,rs2185570,rs8102137,rs4355801,rs2205960,rs6068020,rs7310409,rs2470893,rs6586282,rs1024161,rs6691170,rs11150610,rs12924729,rs2206734,rs12203592,rs2858331,rs2229741,rs6441286,rs2230926,rs2681492,rs2248359,rs4789939
wikipathways	WP3932	Focal Adhesion-PI3K-Akt-mTOR-signaling pathway	rs2115386,rs11574637,rs180515,rs291353,rs7077361,rs2755237,rs891088,rs17086609,rs484959,rs7319311,rs3764640,rs2153960,rs12821256,rs1150754,rs860413,rs2283792,rs7579899,rs2121875,rs10874639,rs4298437,rs2943641,rs2967605,rs4132509,rs477895,rs10074258,rs2981579,rs17369571,rs10758669,rs706779,rs2237349,rs3194051,rs441051,rs3118470,rs2275215,rs9480865,rs9472138,rs2104286,rs1341239,rs525410,rs11868035,rs10895547,rs979233,rs1864982,rs1321311,rs4129267,rs2284033,rs12621278,rs3914132,rs7911500,rs5742692,rs12251307,rs11979158,rs2158836,rs13188386,rs17036350,rs975121,rs197770,rs4338740,rs7044529,rs1801275,rs7158782,rs1054627,rs6897932,rs4925386,rs7578326,rs4795067,rs4537545,rs152528,rs7341475,rs17157903,rs3782181,rs185819,rs7111341,rs2114039,rs10243024,rs7090512,rs1219648,rs7677751,rs11158493,rs995030,rs1983853,rs2269426,rs3742207,rs12198173
wikipathways	WP395	IL-4 Signaling Pathway	rs501764,rs744166,rs180515,rs167769,rs280519,rs1059513,rs17581368,rs7578326,rs8016947,rs12720356,rs477895,rs1801275,rs2943641,rs7665090,rs2283792,rs10758669
wikipathways	WP363	Wnt Signaling Pathway	rs956237,rs2282978,rs17036350,rs7903146,rs11154022,rs3736228,rs9642880,rs780092,rs780094,rs445,rs3889237,rs1260326,rs9960767,rs7901695,rs2283792,rs613872
wikipathways	WP286	IL-3 Signaling Pathway	rs4763879,rs744166,rs2075726,rs4601609,rs290986,rs477895,rs2283792,rs10758669,rs9282641
wikipathways	WP1495	Glycine Metabolism	rs17367504,rs1801133
wikipathways	WP2023	Cell Differentiation - Index expanded	rs744166,rs1366594
wikipathways	WP727	Monoamine Transport	rs10121009,rs4355801,rs6993813,rs9990174,rs6469804
wikipathways	WP69	T-Cell antigen Receptor (TCR)  Signaling Pathway	rs13017599,rs501764,rs864537,rs40457,rs2056626,rs3184504,rs2084881,rs872071,rs7238078,rs1432295,rs2234978,rs2283792,rs1033180,rs4675374,rs8016947,rs4601609,rs12203592,rs13031237,rs7665090,rs702873
wikipathways	WP2596	Gastric acid production	
wikipathways	WP3940	One carbon metabolism and related pathways	rs37369,rs1801133,rs17367504,rs2502731
wikipathways	WP247	Small Ligand GPCRs	rs4650608,rs2166706,rs1387153,rs1447352,rs4613763
wikipathways	WP3888	VEGFA-VEGFR2 Signaling Pathway	rs11221332,rs6056,rs744373,rs180515,rs17036350,rs6590330,rs2755237,rs6673480,rs11154022,rs7922491,rs17086609,rs2153960,rs12540874,rs735854,rs3750965,rs12989701,rs3805236,rs1150754,rs3753242,rs1059513,rs2234978,rs2283792,rs10748128,rs4821469,rs1799969,rs1574192,rs3131296,rs1366594,rs3758354,rs2217332,rs1378942,rs3780792,rs2084385,rs4601609,rs2273061,rs5498,rs185819,rs744166,rs3093030,rs3807989,rs11083846,rs10495928,rs2659546,rs404860,rs9480865,rs9472138,rs425105,rs9296015,rs11984041,rs12344583,rs167769,rs443198,rs1733724,rs8016947,rs3889237,rs7561528,rs2269426,rs3827730,rs7665090,rs12198173,rs7873102
wikipathways	WP1423	Ganglio Sphingolipid Metabolism	rs2216228
wikipathways	WP4258	LncRNA involvement in canonical Wnt signaling and colorectal cancer	rs2074404,rs1504749,rs16826658,rs7903146,rs3736228,rs9642880,rs445,rs1513670,rs4944092,rs7901695,rs11968166,rs956237,rs4962416,rs2282978,rs1733724,rs10958409,rs3218097,rs4238010,rs415430,rs7349332,rs9298506,rs4601609,rs11611647
wikipathways	WP4263	Pancreatic adenocarcinoma pathway	rs210138,rs2283792,rs744166,rs180515,rs2282978,rs17036350,rs10876993,rs11979158,rs454305,rs445,rs1321311,rs744910,rs477895,rs4132509,rs7665090,rs210134,rs2084385,rs9472138
wikipathways	WP4493	Cells and Molecules involved in local acute inflammatory response	rs5498,rs3093030,rs1799969,rs6136,rs710446,rs1569476
wikipathways	WP4352	Ciliary landscape	rs548097,rs815815,rs4962416,rs11739663,rs16991615,rs12210050,rs6586282,rs4906172,rs6545977,rs236114,rs6918152,rs3739070,rs7665090,rs10488172,rs987237,rs17124581
wikipathways	WP4300	Extracellular vesicles in the crosstalk of cardiac cells	rs744166,rs5742692,rs11979158,rs17021918,rs12500426
wikipathways	WP4299	Lamin A-processing pathway	
wikipathways	WP4172	PI3K-Akt Signaling Pathway	rs2115386,rs180515,rs454305,rs291353,rs7077361,rs891088,rs17086609,rs484959,rs7319311,rs3764640,rs2153960,rs12821256,rs1150754,rs860413,rs2283792,rs2121875,rs4298437,rs2943641,rs1004446,rs560887,rs4132509,rs477895,rs10074258,rs2981579,rs6265,rs17369571,rs10758669,rs11611647,rs706779,rs10876993,rs2237349,rs3194051,rs441051,rs445,rs3118470,rs2275215,rs9480865,rs9472138,rs2104286,rs1341239,rs525410,rs10895547,rs2069408,rs979233,rs1864982,rs1321311,rs4129267,rs2284033,rs12621278,rs3914132,rs7911500,rs1402837,rs5742692,rs7665090,rs12251307,rs11979158,rs2158836,rs13188386,rs17036350,rs9642880,rs975121,rs197770,rs4338740,rs1801275,rs7158782,rs1054627,rs6897932,rs4925386,rs11968166,rs6699417,rs2282978,rs7578326,rs4537545,rs152528,rs7341475,rs17157903,rs3782181,rs185819,rs7111341,rs2114039,rs10243024,rs290986,rs8102137,rs1458038,rs1551943,rs7090512,rs1219648,rs3218097,rs7677751,rs4238010,rs3889237,rs11158493,rs995030,rs1983853,rs2269426,rs3742207,rs12198173
wikipathways	WP4174	Metabolism of Tetrahydrocannabinol (THC)	rs4086116,rs2185570,rs10509680,rs1057910
wikipathways	WP4301	Inhibition of exosome biogenesis and secretion by Manumycin A in CRPC cells	rs2283792,rs2306374
wikipathways	WP4255	Non-small cell lung cancer	rs210138,rs744166,rs10876993,rs454305,rs1529672,rs10510829,rs10510837,rs2153960,rs445,rs9480865,rs10800098,rs210134,rs2283792,rs1435703,rs2282978,rs6791644,rs1321311,rs3889237,rs477895,rs4132509,rs285480,rs11979158
wikipathways	WP4262	Breast cancer pathway	rs2074404,rs180515,rs17036350,rs7903146,rs3736228,rs9642880,rs4338740,rs4944092,rs210134,rs2283792,rs2121875,rs2504063,rs956237,rs9594759,rs2282978,rs3131296,rs3219090,rs543650,rs152528,rs2244012,rs415430,rs4132509,rs7349332,rs17369571,rs8023445,rs4601609,rs210138,rs10876993,rs16826658,rs6902771,rs445,rs404860,rs7901695,rs9296015,rs1458038,rs1999805,rs1801516,rs9594738,rs443198,rs1321311,rs5742692,rs11979158
wikipathways	WP4290	Metabolic reprogramming in colon cancer	rs6792584,rs2896526
wikipathways	WP4292	Methionine metabolism leading to Sulphur Amino Acids and related disorders	rs6586282,rs7924176
wikipathways	WP4186	Somatroph axis (GH) and its relationship to dietary restriction and aging	rs2755237,rs17036350
wikipathways	WP4189	Mevalonate arm of cholesterol biosynthesis pathway with inhibitors	rs3846662
wikipathways	WP4191	Caloric restriction and aging	rs17036350,rs5742692
wikipathways	WP4136	Fibrin Complement Receptor 3 Signaling Pathway	rs10045431,rs11150610,rs4795067,rs2546890,rs783147,rs290986,rs3213094,rs9888739,rs7665090
wikipathways	WP4481	Resistin as a regulator of inflammation	rs6056209,rs10045431,rs3781264,rs8016947,rs2546890,rs3213094,rs2274223,rs17810546,rs4132509,rs6441286,rs6118083,rs7665090,rs3765524,rs2283792,rs1869901,rs485499
wikipathways	WP4321	Thermogenesis	rs10748128,rs3796804,rs180515,rs2237349,rs2877716,rs17036350,rs263238,rs2651899,rs7922491,rs2601828,rs7795096,rs7805747,rs710841
wikipathways	WP4194	Hormonal control of Pubertal Growth Spurt	
wikipathways	WP4522	Metabolic pathway of LDL, HDL and TG, including diseases	rs1864163,rs1532085,rs12678919,rs2515629,rs693,rs6754295,rs3825776,rs2575876,rs10468017,rs6511720,rs11668477,rs4939883,rs12686004,rs4765623,rs673548,rs10096633,rs4149268,rs541041,rs1800775,rs3905000,rs2083637,rs11206510,rs7499892,rs1532624,rs9989419,rs3764261,rs11057830,rs2228671,rs12708980,rs4775031
wikipathways	WP4197	The human immune response to tuberculosis	rs9357155,rs2070729,rs2066808,rs280519,rs1893217,rs10758669,rs12720356
wikipathways	WP4524	The alternative pathway of fetal androgen synthesis	rs17115100,rs12367822
wikipathways	WP4205	MET in type 1 papillary renal cell carcinoma	rs11221332,rs744166,rs6590330,rs2084385,rs10243024,rs1321311,rs3805236,rs477895,rs4132509,rs2283792,rs4601609
wikipathways	WP4206	Hereditary leiomyomatosis and renal cell carcinoma pathway	rs2896526,rs9472138
wikipathways	WP4210	Tryptophan catabolism leading to NAD+ production	
wikipathways	WP4211	Transcriptional cascade regulating adipogenesis	rs11868035,rs224278,rs4857855,rs501764
wikipathways	WP4545	Oxysterols derived from cholesterol	rs10137082,rs1999805,rs6902771,rs543650,rs2504063
wikipathways	WP4288	MTHFR deficiency	rs17367504,rs1801133
wikipathways	WP4320	The effect of progerin on the involved genes in Hutchinson-Gilford Progeria Syndrome	rs956237,rs11868035,rs10484434
wikipathways	WP4480	Role Altered Glycolysation of MUC1 in Tumour Microenvironment	rs8016947,rs7665090,rs4072037
wikipathways	WP4216	Chromosomal and microsatellite instability in colorectal cancer	rs210138,rs13017599,rs768048,rs7903146,rs9642880,rs744910,rs6918152,rs7901695,rs1432295,rs210134,rs2283792,rs956237,rs1321311,rs4601609,rs13031237,rs477895,rs7504990,rs4132509,rs702873,rs12210050
wikipathways	WP4312	Rett syndrome causing genes	rs2038256,rs4764039,rs1366594,rs12423712,rs4764043,rs9960767,rs1992950,rs613872,rs2160519
wikipathways	WP4220	Neurotransmitter Disorders	rs3027409
wikipathways	WP4286	Genotoxicity pathway	rs1926203,rs12324805,rs10865331,rs11062040,rs4613763,rs712039,rs1321311
wikipathways	WP4357	NRF2-ARE regulation	rs2115386,rs1424233,rs3889237,rs7498403,rs891088
wikipathways	WP3965	Lipid Metabolism Pathway	rs7795096,rs7805747,rs4132509,rs13224682,rs7798500
wikipathways	WP4222	Phosphodiesterases in neuronal function	rs702543,rs12658202,rs263238,rs4764039,rs1348582,rs11214606,rs2877716,rs10841496,rs947583,rs12418204,rs11611208,rs1823068,rs2601828,rs1588265,rs4764043,rs10493389,rs10052657,rs2160519
wikipathways	WP4223	Ras Signaling	rs2115386,rs11221332,rs10444502,rs291353,rs6590330,rs891088,rs2306374,rs3781264,rs17086609,rs2285714,rs6918152,rs3805236,rs6001027,rs4764043,rs2283792,rs2160519,rs4764039,rs738322,rs3743200,rs2032794,rs13031237,rs477895,rs2981579,rs4132509,rs4651156,rs3765524,rs2084385,rs8023445,rs702873,rs11065987,rs13017599,rs815815,rs12210050,rs2114039,rs892055,rs10243024,rs10499559,rs8035957,rs2274223,rs1432295,rs2284063,rs1219648,rs4767631,rs7677751,rs3889237,rs7665090,rs11979158
wikipathways	WP4225	Pyrimidine metabolism and related diseases	rs470119
wikipathways	WP4224	Purine metabolism	rs10831496
wikipathways	WP4228	Vitamin B6-dependent and responsive disorders	
wikipathways	WP4233	Acrylamide Biotransformation and Exposure Biomarkers	
wikipathways	WP4313	Ferroptosis	rs13107325,rs3811647,rs6107516,rs1799852,rs1049296,rs6052699,rs1867504
wikipathways	WP4236	Disorders of the Krebs cycle	rs6792584
wikipathways	WP4239	Epithelial to mesenchymal transition in colorectal cancer	rs340874,rs2074404,rs16826658,rs3736228,rs7319311,rs404860,rs744910,rs4944092,rs7142881,rs2283792,rs9502893,rs9296015,rs2298574,rs3131296,rs2039485,rs443198,rs9929218,rs415430,rs7349332,rs4132509,rs3742207,rs2273061
wikipathways	WP4241	Type 2 papillary renal cell carcinoma	rs454305,rs2842643,rs9472138,rs7579899,rs673604,rs1321311,rs13078807
wikipathways	WP4240	Regulation of sister chromatid separation at the metaphase-anaphase transition	rs2431697,rs1493682
wikipathways	WP4482	Vitamin D in inflammatory diseases	rs16886165,rs7665090,rs889312,rs8016947,rs2659546,rs744910
wikipathways	WP4297	Thiamine metabolic pathways	
wikipathways	WP4304	Oligodendrocyte Specification and differentiation(including remyelination), leading to Myelin Components for CNS	rs967417,rs5742692,rs12431733,rs1522232,rs13273073,rs2744148,rs4444235,rs1464500
wikipathways	WP4298	Viral Acute Myocarditis	rs744166,rs3807989,rs10812428,rs4704970,rs2546890,rs2076756,rs2275215,rs2596542,rs17810546,rs2283792,rs365990,rs882300,rs485499,rs157350,rs10045431,rs3219090,rs4770403,rs3024505,rs2032794,rs3213094,rs6441286,rs9302752,rs5743289
wikipathways	WP4259	Disorders of Folate Metabolism and Transport	rs10498514,rs2295639,rs17367504,rs1801133
wikipathways	WP4271	Vitamin B12 Disorders	rs10508517,rs1801239,rs7134594,rs11254363,rs6602175
wikipathways	WP4284	Ultraconserved region 339 modulation of tumor suppressor microRNAs in cancer	
wikipathways	WP4324	Mitochondrial complex I assembly model OXPHOS system	rs7142881,rs2039485
wikipathways	WP4562	Canonical NF-KB pathway	rs13017599,rs13031237,rs702873,rs1432295,rs7665090,rs8016947
wikipathways	WP4559	Interactions between immune cells and microRNAs in tumor microenvironment	rs7090512,rs7665090,rs744166,rs167769,rs231735,rs1059513,rs1024161,rs3118470,rs2284033,rs7911500,rs1801275,rs12251307,rs2104286,rs706779,rs9282641
wikipathways	WP4565	Neural Crest Cell Migration in Cancer	rs7587928,rs744166,rs4132509,rs6265,rs2084385,rs4601609
wikipathways	WP4504	Cysteine and methionine catabolism	rs6586282
wikipathways	WP4561	Cell migration and invasion through p75NTR	rs7587928,rs744166,rs4132509,rs10074258,rs6265,rs4601609,rs7905537
wikipathways	WP4484	Control of immune tolerance by vasoactive intestinal peptide	rs231735,rs1024161,rs3024505,rs4143832,rs17810546,rs6441286,rs2234978,rs485499,rs9282641
wikipathways	WP4495	IL-10 Anti-inflammatory Signaling Pathway	rs3024505,rs744166,rs2066808
wikipathways	WP4494	Selective expression of chemokine receptors during T-cell polarization	rs10045431,rs13314993,rs3790567,rs2546890,rs3213094,rs4143832,rs1801275,rs17810546,rs6441286,rs3771166,rs882300,rs485499
wikipathways	WP4564	Neural Crest Cell Migration during Development	rs744166,rs4132509,rs6265,rs2084385,rs4601609
wikipathways	WP4507	Molybdenum cofactor (Moco) biosynthesis	
wikipathways	WP4553	FBXL10 enhancement of MAP/ERK signaling in diffuse large B-cell lymphoma	rs477687,rs2283792,rs10484434
wikipathways	WP4389	Bile Acids synthesis and enterohepatic circulation	rs2283792,rs4299376,rs6511720,rs11668477,rs552976,rs16856332,rs2228671,rs6544713,rs6756629
wikipathways	WP4496	Signal transduction through IL1R	rs968451,rs7626795,rs8016947,rs2413583,rs16886165,rs7665090,rs9290936,rs889312,rs4601609
wikipathways	WP4506	Tyrosine Metabolism	
wikipathways	WP4566	Translation inhibitors in chronically activated PDGFRA cells	rs12593813,rs3889237,rs180515,rs4132509,rs17036350,rs2241423,rs2283792,rs538147
wikipathways	WP4396	Nonalcoholic fatty liver disease	rs2115386,rs210138,rs12230440,rs4939827,rs891088,rs7111341,rs1648707,rs1892534,rs7795096,rs7805747,rs210134,rs2234978,rs12753193,rs11868035,rs7120118,rs1800693,rs7578326,rs4537545,rs4129267,rs4132509,rs266717,rs2943641,rs7665090,rs4601609
wikipathways	WP4462	Platelet-mediated interactions with vascular and circulating cells	rs5498,rs3093030,rs1799969,rs6136,rs6074022,rs1569476
wikipathways	WP4560	MFAP5 effect on permeability and motility of endothelial cells via cytoskeleton rearrangement	rs2268983,rs1464510,rs1152846,rs2283792,rs4601609
wikipathways	WP4519	Cerebral Organic Acidurias, including diseases	
wikipathways	WP4518	Gamma-Glutamyl Cycle for the biosynthesis and degradation of glutathione, including diseases	rs5751901
wikipathways	WP4521	Glycosylation and related congenital defects	rs4227
wikipathways	WP4523	Classical pathway of steroidogenesis, including diseases	rs17115100,rs2899472,rs2305707
wikipathways	WP4537	Hippo-Yap signaling pathway	rs2088885,rs3197999
wikipathways	WP4539	Synaptic signaling pathways associated with autism spectrum disorder	rs180515,rs4764039,rs17036350,rs10491334,rs6265,rs1127065,rs7713917,rs7795096,rs7805747,rs4132509,rs4764043,rs216013,rs2283792,rs2160519
wikipathways	WP4541	Hippo-Merlin Signaling Dysregulation	rs2115386,rs11574637,rs8055236,rs891088,rs7077361,rs17086609,rs9642880,rs197770,rs3784962,rs11645366,rs6782029,rs2981579,rs3197999,rs2084385,rs9292394,rs6563943,rs4468878,rs2114039,rs10243024,rs4479806,rs4783244,rs9888739,rs4701252,rs314277,rs1551943,rs2298574,rs314268,rs1219648,rs9929218,rs11150610,rs1970546,rs7677751,rs12621278,rs13224682,rs944260,rs7798500,rs11979158,rs4925189
wikipathways	WP4538	Regulatory circuits of the STAT3 signaling pathway	rs744166,rs1403543,rs17036350,rs13188386,rs3194051,rs280519,rs2114039,rs7044355,rs3118470,rs860413,rs2104286,rs6897932,rs2283792,rs1975197,rs17584499,rs7090512,rs979233,rs2075726,rs3790567,rs2475335,rs4537545,rs17050782,rs7677751,rs12720356,rs2284033,rs4129267,rs7911500,rs10758669,rs649891,rs12251307,rs11979158,rs706779
wikipathways	WP4533	Transcription co-factors SKI and SKIL protein partners	rs8028182,rs17174870,rs1992950
wikipathways	WP4536	Genes related to primary cilium development (based on CRISPR)	rs3739070,rs735172,rs9814870,rs1541160,rs2301436
wikipathways	WP4532	Intraflagellar transport proteins binding to dynein	rs4906172
wikipathways	WP4535	Envelope proteins and their potential roles in EDMD physiopathology	rs2601828,rs263238,rs2877716,rs2283792,rs744910
wikipathways	WP4534	Mechanoregulation and pathology of YAP/TAZ via Hippo and non-Hippo mechanisms	rs1926203,rs2084385,rs3197999,rs9929218
wikipathways	WP4540	Pathways Regulating Hippo Signaling	rs2115386,rs17036350,rs7903146,rs891088,rs8055236,rs17086609,rs744910,rs7795096,rs7805747,rs6118083,rs3753242,rs3784962,rs956237,rs11645366,rs2981579,rs3197999,rs9292394,rs1869901,rs6563943,rs6056209,rs4468878,rs2114039,rs10495928,rs10243024,rs4479806,rs4783244,rs7901695,rs4701252,rs2298574,rs1219648,rs9929218,rs1970546,rs7677751,rs3889237,rs13224682,rs944260,rs7798500,rs11979158,rs4925189
wikipathways	WP4571	Urea cycle and related diseases	rs2807278
wikipathways	WP4582	Cancer immunotherapy by CTLA4 blockade	rs13192471,rs7765379,rs231735,rs9271366,rs1024161,rs660895,rs9282641
wikipathways	WP4585	Cancer immunotherapy by PD-1 blockade	rs13192471,rs1364063,rs744166,rs2300603,rs7765379,rs1950500,rs660895,rs9271366,rs2860580,rs7665090,rs6547705,rs4601609
wikipathways	WP4595	Urea cycle and associated pathways	rs2807278,rs4795067
